Time[s],NDLB_VKM_PrivateCAN_V1.0.7_0x78_V1::CAR_UWB::uwb_fob_location_rssi,NDLB_VKM_PrivateCAN_V1.0.7_0x78_V1::CAR_UWB::uwb_fob_location_distance,NDLB_VKM_PrivateCAN_V1.0.7_0x78_V1::CAR_UWB::uwb_fob_location_z,NDLB_VKM_PrivateCAN_V1.0.7_0x78_V1::CAR_UWB::uwb_fob_location_y,NDLB_VKM_PrivateCAN_V1.0.7_0x78_V1::CAR_UWB::uwb_fob_location_x,NDLB_VKM_PrivateCAN_V1.0.7_0x78_V1::CAR_UWB::uwb_fob_location_theta,NDLB_VKM_PrivateCAN_V1.0.7_0x78_V1::CAR_UWB::uwb_fob_location_phi,NDLB_VKM_PrivateCAN_V1.0.7_0x78_V1::CAR_UWB::uwb_fob_location_pdoa20,NDLB_VKM_PrivateCAN_V1.0.7_0x78_V1::CAR_UWB::uwb_fob_location_pdoa12,NDLB_VKM_PrivateCAN_V1.0.7_0x78_V1::CAR_UWB::uwb_fob_location_pdoa01,NDLB_VKM_PrivateCAN_V1.0.7_0x78_V1::CAR_UWB::uwb_fob_location_ele,NDLB_VKM_PrivateCAN_V1.0.7_0x78_V1::CAR_UWB::uwb_fob_location_azi,NDLB_VKM_PrivateCAN_V1.0.7_0x78_V1::CAR_UWB::uwb_fob_location_index,NDLB_VKM_PrivateCAN_V1.0.7_0x78_V1::CAR_UWB_Copy_1::uwb_fob_location_rssi,NDLB_VKM_PrivateCAN_V1.0.7_0x78_V1::CAR_UWB_Copy_1::uwb_fob_location_distance,NDLB_VKM_PrivateCAN_V1.0.7_0x78_V1::CAR_UWB_Copy_1::uwb_fob_location_z,NDLB_VKM_PrivateCAN_V1.0.7_0x78_V1::CAR_UWB_Copy_1::uwb_fob_location_y,NDLB_VKM_PrivateCAN_V1.0.7_0x78_V1::CAR_UWB_Copy_1::uwb_fob_location_x,NDLB_VKM_PrivateCAN_V1.0.7_0x78_V1::CAR_UWB_Copy_1::uwb_fob_location_theta,NDLB_VKM_PrivateCAN_V1.0.7_0x78_V1::CAR_UWB_Copy_1::uwb_fob_location_phi,NDLB_VKM_PrivateCAN_V1.0.7_0x78_V1::CAR_UWB_Copy_1::uwb_fob_location_pdoa20,NDLB_VKM_PrivateCAN_V1.0.7_0x78_V1::CAR_UWB_Copy_1::uwb_fob_location_pdoa12,NDLB_VKM_PrivateCAN_V1.0.7_0x78_V1::CAR_UWB_Copy_1::uwb_fob_location_pdoa01,NDLB_VKM_PrivateCAN_V1.0.7_0x78_V1::CAR_UWB_Copy_1::uwb_fob_location_ele,NDLB_VKM_PrivateCAN_V1.0.7_0x78_V1::CAR_UWB_Copy_1::uwb_fob_location_azi,NDLB_VKM_PrivateCAN_V1.0.7_0x78_V1::CAR_UWB_Copy_1::uwb_fob_location_index
0.029479,,,,,,,,,,,,,,0,189,58,-169,-59,-63.759998,45.639999,-56.885254,168.278870,-111.393616,8162,5843,792
0.123486,0,165,0,-138,90,-56.919998,-90.000000,116.320801,96.554459,-212.875275,7287,11520,300,,,,,,,,,,,,,
0.129541,,,,,,,,,,,,,,0,187,92,-153,-53,-55.320000,29.980000,-51.176605,153.807053,-102.630447,7082,3838,793
0.229635,,,,,,,,,,,,,,0,197,92,-164,-55,-56.810001,31.270000,-51.146729,156.048401,-104.901665,7272,4003,794
0.323597,0,169,0,-61,-157,-21.500000,90.000000,-171.627258,144.412903,27.214355,2753,11520,302,,,,,,,,,,,,,
0.423614,0,170,0,23,-168,8.030000,90.000000,-186.557526,70.455200,116.102325,1029,11520,303,,,,,,,,,,,,,
0.429705,,,,,,,,,,,,,,0,197,85,-165,-63,-57.250000,36.430000,-57.821251,160.037827,-102.216568,7329,4664,796
0.523725,0,176,75,11,-158,3.640000,64.599998,-162.284821,71.211456,91.073364,467,8270,304,,,,,,,,,,,,,
0.529804,,,,,,,,,,,,,,0,198,97,-162,-58,-54.939999,31.100000,-53.411240,154.327240,-100.916008,7033,3982,797
0.623762,0,169,0,36,-164,12.540000,90.000000,-260.588379,80.037277,180.551117,1606,11520,305,,,,,,,,,,,,,
0.629819,,,,,,,,,,,,,,0,199,82,-169,-62,-58.599998,37.310001,-56.841766,161.492767,-104.650993,7502,4776,798
0.723869,0,183,79,-23,-163,-7.390000,63.980000,-160.429047,100.316406,60.112640,947,8190,306,,,,,,,,,,,,,
0.823849,0,182,0,33,-178,10.480000,90.000000,-241.038803,81.865372,159.173431,1342,11520,307,,,,,,,,,,,,,
0.829941,,,,,,,,,,,,,,0,200,77,-169,-72,-57.959999,42.880001,-64.972656,164.649338,-99.676682,7420,5489,800
0.923918,0,177,0,0,-176,0.000000,90.000000,-200.548050,98.852524,101.695526,0,11520,308,,,,,,,,,,,,,
0.929978,,,,,,,,,,,,,,0,200,103,-156,-68,-51.580002,33.590000,-61.880180,153.102005,-91.221825,6603,4300,801
1.023967,0,176,0,20,-174,6.580000,90.000000,-251.153519,100.423386,150.730133,843,11520,309,,,,,,,,,,,,,
1.030069,,,,,,,,,,,,,,0,199,102,-155,-69,-51.419998,34.000000,-62.779205,153.274841,-90.495636,6583,4353,802
1.124086,0,174,109,-14,-134,-4.910000,51.000000,-139.374802,83.068039,56.306763,629,6528,310,,,,,,,,,,,,,
1.130092,,,,,,,,,,,,,,0,198,90,-156,-81,-52.189999,42.040001,-73.897476,160.125015,-86.227547,6681,5382,803
1.224103,0,171,0,22,-169,7.620000,90.000000,-241.667999,92.771111,148.896881,976,11520,311,,,,,,,,,,,,,
1.230155,,,,,,,,,,,,,,0,200,101,-150,-83,-48.900002,39.150002,-74.722839,154.848663,-80.125809,6260,5012,804
1.324243,0,175,78,132,-83,49.270000,46.709999,-85.473709,-75.423782,160.897491,6307,5980,312,,,,,,,,,,,,,
1.330245,,,,,,,,,,,,,,0,200,108,-150,-74,-48.869999,34.360001,-66.831665,150.859543,-84.027893,6256,4399,805
1.424211,0,181,0,172,55,72.129997,-90.000000,79.064049,-252.100082,173.036041,9233,11520,313,,,,,,,,,,,,,
1.430271,,,,,,,,,,,,,,0,200,74,-166,-82,-56.439999,47.930000,-73.847580,166.849213,-93.001633,7225,6136,806
1.524269,0,177,0,152,90,59.389999,-90.000000,133.861816,-262.957489,129.095673,7603,11520,314,,,,,,,,,,,,,
1.530326,,,,,,,,,,,,,,0,199,92,-158,-77,-52.610001,40.160000,-70.489517,159.118271,-88.628754,6735,5141,807
1.624382,0,177,77,4,-159,1.560000,64.040001,-161.793762,76.610016,85.183746,200,8198,315,,,,,,,,,,,,,
1.630426,,,,,,,,,,,,,,0,201,95,-156,-82,-51.299999,40.779999,-73.506836,158.430359,-84.923531,6567,5221,808
1.724436,0,173,161,-60,-10,-20.510000,3.870000,-11.424675,60.357849,-48.933174,2626,496,316,,,,,,,,,,,,,
1.730459,,,,,,,,,,,,,,0,199,90,-157,-82,-52.090000,42.549999,-74.787598,160.411407,-85.623810,6668,5447,809
1.824525,0,178,127,-89,86,-30.010000,-34.189999,87.615288,34.196419,-121.811707,3842,4377,317,,,,,,,,,,,,,
1.830509,,,,,,,,,,,,,,0,201,99,-158,-74,-51.910000,36.680000,-66.333611,155.883118,-89.549500,6645,4696,810
1.924542,0,176,160,-43,-57,-14.230000,19.639999,-58.686966,67.707977,-9.021019,1822,2515,318,,,,,,,,,,,,,
1.930608,,,,,,,,,,,,,,0,200,95,-155,-81,-51.160000,40.570000,-73.422241,158.155151,-84.732910,6549,5194,811
2.024599,0,175,0,22,-173,7.250000,90.000000,-219.226685,85.434532,133.792145,928,11520,319,,,,,,,,,,,,,
2.030654,,,,,,,,,,,,,,0,200,94,-157,-78,-51.959999,39.790001,-70.983276,158.285492,-87.302216,6652,5094,812
2.124687,0,170,162,-20,44,-6.820000,-15.290000,47.162537,-5.017212,-42.145325,874,1958,320,,,,,,,,,,,,,
2.130695,,,,,,,,,,,,,,0,201,96,-153,-86,-49.910000,41.639999,-77.023026,157.790710,-80.767685,6389,5331,813
2.224740,0,176,0,-53,167,-17.600000,-90.000000,203.380280,-45.762604,-157.617676,2254,11520,321,,,,,,,,,,,,,
2.230754,,,,,,,,,,,,,,0,200,90,-156,-85,-51.430000,43.230000,-76.862946,160.327179,-83.464226,6584,5534,814
2.324840,0,175,152,-78,-36,-26.680000,13.430000,-37.394867,88.738892,-51.344025,3416,1720,322,,,,,,,,,,,,,
2.330848,,,,,,,,,,,,,,0,200,93,-155,-84,-51.040001,42.169998,-75.969276,159.228149,-83.258881,6534,5399,815
2.424803,0,171,0,-150,80,-61.970001,-90.000000,98.527771,111.134338,-209.662109,7933,11520,323,,,,,,,,,,,,,
2.524910,0,176,155,-77,-30,-26.170000,11.090000,-31.125126,84.342880,-53.217758,3351,1420,324,,,,,,,,,,,,,
2.625012,0,182,71,-145,83,-52.919998,-49.369999,82.366936,83.198486,-165.565430,6775,6320,325,,,,,,,,,,,,,
2.825040,0,172,0,-154,75,-63.910000,-90.000000,86.110443,109.328278,-195.438721,8181,11520,327,,,,,,,,,,,,,
2.831053,,,,,,,,,,,,,,0,201,76,-164,-85,-55.130001,48.200001,-76.715057,166.270264,-89.555206,7057,6170,820
2.925078,0,179,0,-146,102,-55.049999,-90.000000,129.820160,96.047150,-225.867310,7047,11520,328,,,,,,,,,,,,,
2.931134,,,,,,,,,,,,,,0,199,91,-156,-81,-52.029999,41.910000,-73.966095,159.901520,-85.935425,6661,5365,821
3.025165,0,184,172,-63,-9,-20.250000,3.310000,-9.807144,58.872231,-49.065086,2592,424,329,,,,,,,,,,,,,
3.031205,,,,,,,,,,,,,,0,197,93,-155,-77,-51.950001,39.779999,-70.972931,158.272110,-87.299194,6650,5093,822
3.131248,,,,,,,,,,,,,,0,197,102,-148,-78,-49.119999,37.470001,-71.671249,153.727905,-82.056648,6288,4797,823
3.231269,,,,,,,,,,,,,,0,195,96,-145,-86,-48.270000,41.900002,-80.012077,156.362335,-76.350266,6179,5364,824
3.325299,0,173,0,-157,71,-65.660004,-90.000000,76.125092,107.810806,-183.935898,8405,11520,332,,,,,,,,,,,,,
3.331342,,,,,,,,,,,,,,0,194,101,-141,-85,-46.660000,40.020000,-79.446045,153.118591,-73.672546,5973,5123,825
3.425373,0,185,0,-169,73,-66.620003,-90.000000,73.930771,111.209961,-185.140732,8528,11520,333,,,,,,,,,,,,,
3.431389,,,,,,,,,,,,,,0,193,94,-143,-88,-47.950001,43.209999,-82.552101,157.053711,-74.501602,6138,5532,826
3.531441,,,,,,,,,,,,,,0,190,99,-127,-100,-42.049999,45.320000,-95.032265,151.962662,-56.930397,5383,5802,827
3.625446,0,183,0,-181,25,-81.849998,-90.000000,33.117317,184.158218,-217.275543,10478,11520,335,,,,,,,,,,,,,
3.631513,,,,,,,,,,,,,,0,190,105,-127,-92,-42.330002,41.220001,-87.693184,148.857880,-61.164703,5419,5277,828
3.725545,0,176,0,-169,46,-74.839996,-90.000000,64.109673,173.036774,-237.146454,9580,11520,336,,,,,,,,,,,,,
3.731567,,,,,,,,,,,,,,0,186,126,-90,-102,-29.040001,38.980000,-99.016449,125.204689,-26.188240,3718,4990,829
3.825613,0,174,0,-158,72,-65.470001,-90.000000,104.763367,146.560852,-251.324234,8381,11520,337,,,,,,,,,,,,,
3.831665,,,,,,,,,,,,,,0,186,133,-81,-100,-25.950001,36.889999,-97.174591,116.844025,-19.669434,3322,4723,830
3.925693,0,186,0,-178,52,-73.470001,-90.000000,73.458115,177.782135,-251.240265,9405,11520,338,,,,,,,,,,,,,
3.931687,,,,,,,,,,,,,,0,181,128,-59,-112,-19.170000,41.169998,-111.940292,107.197983,4.742310,2455,5271,831
4.025817,0,185,62,-170,34,-67.440002,-28.780001,33.243843,127.349892,-160.593735,8633,3685,339,,,,,,,,,,,,,
4.125750,0,187,0,-179,53,-73.290001,-90.000000,80.676636,192.601593,-273.278229,9382,11520,340,,,,,,,,,,,,,
4.131807,,,,,,,,,,,,,,0,181,123,-29,-129,-9.230000,46.380001,-128.646729,89.362305,39.284393,1182,5937,833
4.225849,0,189,0,-188,9,-87.040001,-90.000000,13.215696,215.715790,-228.931488,11142,11520,341,,,,,,,,,,,,,
4.231882,,,,,,,,,,,,,,0,174,123,-31,-118,-10.480000,44.029999,-123.045059,89.903923,33.141144,1342,5637,834
4.325903,0,176,0,-171,41,-76.339996,-90.000000,60.150055,184.587616,-244.737671,9772,11520,342,,,,,,,,,,,,,
4.425940,0,179,0,-170,55,-72.040001,-90.000000,58.654465,127.518471,-186.172943,9222,11520,343,,,,,,,,,,,,,
4.431996,,,,,,,,,,,,,,0,166,90,-14,-138,-5.030000,56.820000,-150.095764,88.743256,61.352509,645,7274,836
4.532011,,,,,,,,,,,,,,0,162,80,-9,-140,-3.350000,60.279999,-156.073242,87.198975,68.874268,430,7717,837
4.626096,0,186,139,79,93,25.379999,-33.759998,90.398682,-112.049042,21.650360,3249,4322,345,,,,,,,,,,,,,
4.632062,,,,,,,,,,,,,,0,159,89,-15,-130,-5.770000,55.360001,-147.364731,89.407242,57.957489,739,7087,838
4.726126,0,193,127,118,84,37.700001,-33.709999,79.057167,-134.880157,55.822998,4826,4316,346,,,,,,,,,,,,,
4.732166,,,,,,,,,,,,,,0,159,84,-15,-133,-5.770000,57.750000,-151.462051,91.446205,60.015839,739,7392,839
4.826199,0,196,115,95,126,29.150000,-47.500000,115.918106,-133.920914,18.002808,3732,6081,347,,,,,,,,,,,,,
4.832166,,,,,,,,,,,,,,0,159,80,-7,-137,-2.790000,59.650002,-155.162750,85.209030,69.953720,358,7636,840
4.926143,0,193,0,0,192,0.000000,-90.000000,238.966248,-122.403610,-116.562637,1,11520,348,,,,,,,,,,,,,
5.032311,,,,,,,,,,,,,,0,154,64,14,-138,5.500000,64.959999,-162.341965,66.188118,96.153870,705,8316,842
5.132353,,,,,,,,,,,,,,0,152,63,33,-133,12.780000,64.650002,-158.646103,44.804291,113.841812,1637,8276,843
5.226397,0,197,130,-45,140,-13.220000,-47.099998,128.391052,-28.516388,-99.874680,1693,6030,351,,,,,,,,,,,,,
5.232328,,,,,,,,,,,,,,0,150,0,55,-139,21.910000,90.000000,-171.654755,25.986145,145.668610,2805,11520,844
5.332431,,,,,,,,,,,,,,0,149,0,73,-129,29.370001,90.000000,-166.412781,2.041016,164.371765,3760,11520,845
5.632526,,,,,,,,,,,,,,0,141,0,82,-114,35.930000,90.000000,-172.245667,-22.053101,194.298752,4600,11520,848
5.726593,0,194,0,-157,113,-54.369999,-90.000000,121.701416,86.289581,-207.991028,6960,11520,356,,,,,,,,,,,,,
5.732586,,,,,,,,,,,,,,0,140,0,86,-109,38.369999,90.000000,-176.880798,-32.889465,209.770248,4912,11520,849
5.832677,,,,,,,,,,,,,,0,138,0,94,-100,43.330002,90.000000,-162.980331,-51.722641,214.702972,5547,11520,850
5.932703,,,,,,,,,,,,,,0,138,0,101,-93,47.480000,90.000000,-153.916321,-68.489502,222.405823,6078,11520,851
6.132791,,,,,,,,,,,,,,0,140,0,131,-49,69.440002,90.000000,-73.432495,-132.976929,206.409424,8889,11520,853
6.232838,,,,,,,,,,,,,,0,140,0,135,-35,75.360001,90.000000,-52.349060,-147.582947,199.932037,9647,11520,854
6.332887,,,,,,,,,,,,,,0,141,0,139,-22,80.860001,90.000000,-33.370453,-163.147400,196.517853,10351,11520,855
6.432916,,,,,,,,,,,,,,0,140,0,139,-14,84.199997,90.000000,-21.161758,-170.340134,191.501892,10778,11520,856
6.532963,,,,,,,,,,,,,,0,137,0,136,-7,87.040001,90.000000,-10.522400,-172.136749,182.659149,11142,11520,857
6.633005,,,,,,,,,,,,,,0,134,0,133,-3,88.580002,90.000000,-4.833176,-168.012054,172.845230,11339,11520,858
6.727111,0,211,135,-60,-149,-16.570000,47.869999,-127.977493,108.474953,19.502533,2122,6128,366,,,,,,,,,,,,,
6.733082,,,,,,,,,,,,,,0,131,0,130,0,89.919998,-90.000000,0.230209,-173.644806,173.414612,11511,11520,859
6.827210,0,189,128,-123,62,-40.650002,-26.040001,59.967896,71.594604,-131.562531,5204,3334,367,,,,,,,,,,,,,
6.927154,0,196,0,-46,-190,-13.760000,90.000000,-181.704849,129.418488,52.286377,1762,11520,368,,,,,,,,,,,,,
6.933166,,,,,,,,,,,,,,0,129,0,125,30,76.209999,-90.000000,47.574104,-191.812042,144.237946,9756,11520,861
7.027354,0,198,48,-187,39,-71.620003,-39.320000,35.952209,129.965546,-165.917786,9168,5034,369,,,,,,,,,,,,,
7.033257,,,,,,,,,,,,,,0,130,0,121,47,68.629997,-90.000000,79.023758,-214.570526,135.546753,8785,11520,862
7.133299,,,,,,,,,,,,,,0,133,0,122,50,67.580002,-90.000000,86.215256,-224.177429,137.962158,8651,11520,863
7.227327,0,188,0,78,170,24.770000,-90.000000,250.576263,-225.480621,-25.095642,3171,11520,371,,,,,,,,,,,,,
7.233352,,,,,,,,,,,,,,0,131,0,115,62,61.459999,-90.000000,109.539566,-229.315750,119.776184,7868,11520,864
7.333440,,,,,,,,,,,,,,0,131,0,113,65,60.150002,-90.000000,113.132965,-227.365784,114.232819,7700,11520,865
7.433458,,,,,,,,,,,,,,0,131,0,109,71,57.000000,-90.000000,128.190826,-235.145569,106.954742,7297,11520,866
7.633574,,,,,,,,,,,,,,0,133,0,99,88,48.209999,-90.000000,147.285461,-216.445511,69.160065,6172,11520,868
7.733611,,,,,,,,,,,,,,0,132,0,82,103,38.450001,-90.000000,173.589935,-206.238205,32.648285,4922,11520,869
7.833683,,,,,,,,,,,,,,0,134,0,77,108,35.580002,-90.000000,175.867325,-196.967712,21.100372,4555,11520,870
7.927707,0,168,0,103,132,37.970001,-90.000000,156.323868,-183.876587,27.552734,4861,11520,378,,,,,,,,,,,,,
7.933706,,,,,,,,,,,,,,0,134,0,63,118,28.250000,-90.000000,206.816864,-199.651535,-7.165314,3616,11520,871
8.027739,0,162,0,70,145,25.750000,-90.000000,239.044693,-219.395676,-19.649025,3296,11520,379,,,,,,,,,,,,,
8.033793,,,,,,,,,,,,,,0,136,0,66,118,29.200001,-90.000000,186.761505,-183.818848,-2.942657,3738,11520,872
8.127826,0,165,0,121,111,47.430000,-90.000000,184.311859,-266.039001,81.727142,6072,11520,380,,,,,,,,,,,,,
8.133868,,,,,,,,,,,,,,0,137,0,62,121,27.219999,-90.000000,207.730072,-196.458069,-11.272003,3485,11520,873
8.227888,0,161,0,138,82,59.099998,-90.000000,132.512848,-258.120178,125.607330,7566,11520,381,,,,,,,,,,,,,
8.233910,,,,,,,,,,,,,,0,142,0,60,128,25.180000,-90.000000,182.484985,-165.603424,-16.881561,3224,11520,874
8.327949,0,158,0,108,115,43.270000,-90.000000,210.592926,-277.064240,66.471313,5539,11520,382,,,,,,,,,,,,,
8.333933,,,,,,,,,,,,,,0,144,0,60,130,25.000000,-90.000000,174.445969,-157.677185,-16.768776,3200,11520,875
8.427988,0,147,0,121,82,55.830002,-90.000000,157.477600,-279.777954,122.300354,7147,11520,383,,,,,,,,,,,,,
8.434024,,,,,,,,,,,,,,0,147,0,51,137,20.709999,-90.000000,177.800873,-147.165237,-30.635635,2652,11520,876
8.528182,0,148,85,-72,96,-29.360001,-48.590000,117.669281,17.634857,-135.304138,3759,6220,384,,,,,,,,,,,,,
8.534112,,,,,,,,,,,,,,0,151,5,41,145,15.880000,-87.669998,172.973831,-129.188675,-43.785156,2033,11223,877
8.628144,0,150,0,-98,112,-41.150002,-90.000000,162.338776,41.734222,-204.072998,5268,11520,385,,,,,,,,,,,,,
8.634122,,,,,,,,,,,,,,0,155,0,46,147,17.330000,-90.000000,184.532150,-142.191635,-42.340515,2219,11520,878
8.728311,0,142,94,-61,86,-25.540001,-42.200001,109.107918,12.688110,-121.796028,3270,5402,386,,,,,,,,,,,,,
8.734227,,,,,,,,,,,,,,0,160,35,29,153,10.800000,-77.099998,172.350372,-115.421326,-56.929031,1383,9870,879
8.828231,0,139,137,0,18,0.000000,-7.840000,24.611908,-14.300171,-10.311707,0,1004,387,,,,,,,,,,,,,
8.834276,,,,,,,,,,,,,,0,162,20,18,159,6.400000,-82.720001,177.434982,-106.144562,-71.290405,820,10589,880
8.928365,0,139,89,105,12,49.330002,-7.640000,15.627487,-126.069000,110.441498,6315,979,388,,,,,,,,,,,,,
8.934380,,,,,,,,,,,,,,0,164,42,5,158,1.880000,-75.089996,173.859283,-92.080200,-81.779114,241,9612,881
9.028382,0,134,0,132,18,82.209999,-90.000000,37.773163,-258.407654,220.634491,10524,11520,389,,,,,,,,,,,,,
9.034449,,,,,,,,,,,,,,0,169,83,-6,146,-2.330000,-60.459999,156.494263,-71.869263,-84.625023,299,7740,882
9.128437,0,134,0,119,60,62.970001,-90.000000,122.446411,-269.185364,146.738953,8061,11520,390,,,,,,,,,,,,,
9.134508,,,,,,,,,,,,,,0,170,107,-33,126,-11.440000,-49.610001,134.394073,-36.251190,-98.142883,1465,6351,883
9.228536,0,132,27,43,-121,19.260000,77.230003,-165.721710,31.415131,134.306580,2466,9886,391,,,,,,,,,,,,,
9.234622,,,,,,,,,,,,,,0,174,113,-50,121,-16.750000,-46.980000,126.044098,-18.077393,-107.966705,2144,6014,884
9.328586,0,142,0,83,-115,35.779999,90.000000,-218.718506,-27.218109,245.936615,4581,11520,392,,,,,,,,,,,,,
9.334647,,,,,,,,,,,,,,0,178,116,-70,113,-23.459999,-44.250000,115.221458,4.479553,-119.701012,3004,5664,885
9.428660,0,144,135,-4,47,-1.980000,-19.379999,59.747711,-24.454224,-35.293518,254,2481,393,,,,,,,,,,,,,
9.434690,,,,,,,,,,,,,,0,182,119,-89,104,-29.299999,-40.970001,102.948196,24.837433,-127.785629,3751,5245,886
9.528679,0,145,97,93,-53,39.930000,28.850000,-66.647972,-66.745270,133.393250,5112,3694,394,,,,,,,,,,,,,
9.534800,,,,,,,,,,,,,,0,184,118,-96,102,-31.540001,-40.759998,100.165649,31.491455,-131.657074,4038,5218,887
9.634805,,,,,,,,,,,,,,0,186,110,-116,94,-38.590000,-40.630001,91.614532,51.464615,-143.079147,4940,5201,888
9.728770,0,141,0,84,-112,36.830002,90.000000,-220.230637,-32.776093,253.006729,4715,11520,396,,,,,,,,,,,,,
9.734853,,,,,,,,,,,,,,0,189,119,-116,89,-38.000000,-36.759998,84.916534,53.520081,-138.436600,4864,4706,889
9.834943,,,,,,,,,,,,,,0,190,93,-145,79,-49.840000,-40.430000,75.277870,81.520355,-156.798218,6380,5176,890
9.934958,,,,,,,,,,,,,,0,192,82,-156,75,-54.509998,-42.590000,70.719040,91.582130,-162.301163,6978,5452,891
10.035050,,,,,,,,,,,,,,0,193,80,-156,78,-54.299999,-44.360001,73.424301,89.907883,-163.332184,6951,5679,892
10.135075,,,,,,,,,,,,,,0,194,64,-167,72,-59.950001,-48.110001,67.084427,101.410797,-168.495239,7674,6159,893
10.235105,,,,,,,,,,,,,,0,194,68,-170,62,-61.619999,-42.459999,57.749908,108.290985,-166.040894,7888,5436,894
10.335178,,,,,,,,,,,,,,0,196,56,-178,57,-65.709999,-45.849998,53.114960,115.542801,-168.657761,8412,5870,895
10.429134,0,148,0,143,-35,76.110001,90.000000,-69.376785,-208.469086,277.845886,9743,11520,403,,,,,,,,,,,,,
10.435213,,,,,,,,,,,,,,0,197,67,-177,52,-64.290001,-37.889999,47.945656,116.500130,-164.445786,8230,4851,896
10.535263,,,,,,,,,,,,,,0,201,45,-187,55,-69.010002,-50.590000,49.792419,120.659782,-170.452209,8834,6476,897
10.635351,,,,,,,,,,,,,,0,198,71,-176,55,-62.900002,-38.049999,50.530243,113.526215,-164.056458,8052,4871,898
10.835414,,,,,,,,,,,,,,0,196,74,-177,38,-64.750000,-27.270000,35.176163,123.419548,-158.595703,8289,3491,900
10.935469,,,,,,,,,,,,,,0,196,86,-170,42,-60.590000,-26.180000,39.000549,116.313965,-155.314514,7756,3352,901
11.029451,0,145,0,144,12,85.129997,-90.000000,21.215546,-226.856110,205.640564,10897,11520,409,,,,,,,,,,,,,
11.035499,,,,,,,,,,,,,,0,197,71,-181,27,-67.279999,-20.910000,24.814438,131.394897,-156.209335,8613,2677,902
11.235624,,,,,,,,,,,,,,0,193,37,-189,1,-78.820000,-2.410000,1.477966,152.194260,-153.672226,10090,309,904
11.329628,0,140,82,-33,-108,-13.960000,52.680000,-138.931900,107.105576,31.826324,1788,6744,412,,,,,,,,,,,,,
11.335642,,,,,,,,,,,,,,0,193,26,-191,-9,-81.760002,19.209999,-8.475811,158.520874,-150.045059,10466,2460,905
11.429720,0,149,55,-127,53,-58.820000,-44.209999,64.971924,100.899696,-165.871613,7530,5660,413,,,,,,,,,,,,,
11.435688,,,,,,,,,,,,,,0,191,24,-187,-27,-78.769997,48.259998,-26.136536,165.974274,-139.837738,10083,6178,906
11.529680,0,156,0,-112,108,-45.930000,-90.000000,177.831970,70.278458,-248.110428,5880,11520,414,,,,,,,,,,,,,
11.535719,,,,,,,,,,,,,,0,194,0,-188,-46,-76.220001,90.000000,-45.173538,182.269333,-137.095795,9757,11520,907
11.629841,0,156,24,-141,60,-65.300003,-68.080002,69.734520,106.776337,-176.510864,8359,8715,415,,,,,,,,,,,,,
11.635750,,,,,,,,,,,,,,0,194,0,-188,-44,-76.750000,90.000000,-42.062660,175.905365,-133.842712,9825,11520,908
11.729907,0,163,92,-129,35,-52.630001,-20.780001,38.776611,104.514801,-143.291412,6737,2661,416,,,,,,,,,,,,,
11.735824,,,,,,,,,,,,,,0,194,0,-183,-61,-71.470001,90.000000,-58.088028,179.290955,-121.202919,9149,11520,909
11.829984,0,156,135,-64,43,-24.459999,-17.910000,50.424255,39.380096,-89.804352,3132,2293,417,,,,,,,,,,,,,
11.929954,0,166,0,-147,75,-62.799999,-90.000000,93.376984,110.777237,-204.154221,8039,11520,418,,,,,,,,,,,,,
11.935998,,,,,,,,,,,,,,0,189,66,-166,-59,-61.860001,42.080002,-56.871445,165.917938,-109.046486,7919,5387,911
12.030022,0,163,0,-143,77,-61.500000,-90.000000,106.153381,116.316345,-222.469727,7873,11520,419,,,,,,,,,,,,,
12.036078,,,,,,,,,,,,,,0,187,79,-157,-60,-57.610001,37.439999,-58.607933,160.957886,-102.349945,7375,4793,912
12.130083,0,160,0,-143,70,-63.830002,-90.000000,85.870674,108.475266,-194.345947,8171,11520,420,,,,,,,,,,,,,
12.136111,,,,,,,,,,,,,,0,184,59,-158,-72,-59.320000,50.340000,-70.677063,169.431427,-98.754349,7594,6444,913
12.230161,0,164,0,-138,87,-57.889999,-90.000000,125.429764,110.489594,-235.919357,7411,11520,421,,,,,,,,,,,,,
12.236159,,,,,,,,,,,,,,0,181,70,-151,-69,-57.020000,44.570000,-68.757698,165.162781,-96.405090,7299,5706,914
12.330230,0,158,127,-82,-44,-31.360001,19.090000,-50.311089,106.317551,-56.006462,4015,2444,422,,,,,,,,,,,,,
12.336225,,,,,,,,,,,,,,0,178,93,-130,-76,-47.049999,39.200001,-77.513733,152.879639,-75.365906,6023,5018,915
12.430237,0,159,0,-145,63,-66.330002,-90.000000,88.783531,131.114868,-219.898407,8491,11520,423,,,,,,,,,,,,,
12.530303,0,165,0,-147,74,-63.150002,-90.000000,95.046509,115.180870,-210.227386,8084,11520,424,,,,,,,,,,,,,
12.630364,0,167,38,-138,-84,-56.150002,65.400002,-91.144379,175.051331,-83.906952,7188,8372,425,,,,,,,,,,,,,
12.636388,,,,,,,,,,,,,,0,174,105,-106,-89,-37.650002,40.299999,-92.196922,141.343338,-49.146423,4820,5159,918
12.730417,0,170,0,-161,53,-71.610001,-90.000000,73.100418,154.076630,-227.177063,9167,11520,426,,,,,,,,,,,,,
12.736413,,,,,,,,,,,,,,0,172,123,-84,-84,-29.250000,34.340000,-88.614655,120.522614,-31.907959,3745,4396,919
12.830462,0,164,0,-151,62,-67.500000,-90.000000,104.657379,166.649246,-271.306641,8641,11520,427,,,,,,,,,,,,,
12.836485,,,,,,,,,,,,,,0,170,122,-48,-107,-16.450001,41.349998,-114.071167,101.205009,12.866165,2106,5294,920
12.930526,0,168,0,-164,-34,-78.169998,90.000000,-43.049805,199.676178,-156.626373,10007,11520,428,,,,,,,,,,,,,
13.030560,0,176,0,-165,59,-70.360001,-90.000000,91.393295,176.220245,-267.613525,9007,11520,429,,,,,,,,,,,,,
13.036575,,,,,,,,,,,,,,0,168,114,-21,-121,-7.250000,46.700001,-129.993561,84.678040,45.315491,928,5978,922
13.130602,0,170,0,-167,30,-79.750000,-90.000000,33.353420,143.197723,-176.551147,10208,11520,430,,,,,,,,,,,,,
13.136685,,,,,,,,,,,,,,0,164,106,-24,-122,-8.730000,49.060001,-134.425201,90.915268,43.509949,1118,6280,923
13.236715,,,,,,,,,,,,,,0,161,89,-9,-133,-3.530000,56.099998,-149.139252,84.203552,64.935699,453,7182,924
13.330713,0,179,0,-178,18,-84.000000,-90.000000,20.063683,155.729843,-175.793518,10753,11520,432,,,,,,,,,,,,,
13.430731,0,185,0,-139,-122,-48.709999,90.000000,-126.645508,188.289322,-61.643806,6236,11520,433,,,,,,,,,,,,,
13.530892,0,178,112,128,50,46.150002,-24.370001,51.477570,-138.182312,86.704758,5908,3120,434,,,,,,,,,,,,,
13.536849,,,,,,,,,,,,,,0,150,89,-9,-119,-3.500000,53.220001,-143.918686,81.514511,62.404175,449,6813,927
13.630918,0,192,153,100,55,31.660000,-19.889999,52.142159,-107.935699,55.793533,4053,2547,435,,,,,,,,,,,,,
13.636888,,,,,,,,,,,,,,0,147,76,-10,-124,-4.000000,58.330002,-152.849487,87.346611,65.502884,513,7467,928
13.731021,0,184,157,84,45,27.280001,-16.000000,44.108101,-93.546890,49.438782,3493,2048,436,,,,,,,,,,,,,
13.736995,,,,,,,,,,,,,,0,146,79,4,-122,1.660000,56.889999,-150.728348,70.815353,79.912994,213,7283,929
13.837027,,,,,,,,,,,,,,0,145,53,33,-130,13.220000,67.559998,-161.974884,45.299889,116.675003,1693,8648,930
13.937050,,,,,,,,,,,,,,0,143,0,58,-130,24.209999,90.000000,-164.391159,18.147148,146.244003,3100,11520,931
14.031071,0,197,0,109,-163,33.939999,90.000000,-169.756165,-14.129272,183.885452,4345,11520,439,,,,,,,,,,,,,
14.037091,,,,,,,,,,,,,,0,142,0,74,-120,31.570000,90.000000,-163.773041,-5.334747,169.107788,4042,11520,932
14.137122,,,,,,,,,,,,,,0,140,0,75,-118,32.450001,90.000000,-175.020813,-8.936127,183.956940,4154,11520,933
14.237156,,,,,,,,,,,,,,0,139,0,77,-115,33.680000,90.000000,-177.303345,-13.745850,191.049194,4312,11520,934
14.337245,,,,,,,,,,,,,,0,136,0,79,-110,35.799999,90.000000,-173.016190,-21.611176,194.627365,4583,11520,935
14.437279,,,,,,,,,,,,,,0,131,0,80,-102,38.169998,90.000000,-175.257416,-31.730713,206.988113,4887,11520,936
14.631414,0,192,185,-47,-18,-14.420000,5.780000,-17.613586,47.666531,-30.052917,1847,741,445,,,,,,,,,,,,,
14.637357,,,,,,,,,,,,,,0,127,0,101,-76,52.770000,90.000000,-136.477524,-87.389648,223.867157,6755,11520,938
14.737404,,,,,,,,,,,,,,0,126,0,107,-65,58.549999,90.000000,-115.149414,-105.567581,220.716995,7495,11520,939
14.837467,,,,,,,,,,,,,,0,128,0,119,-45,69.260002,90.000000,-73.409088,-131.308350,204.717438,8866,11520,940
15.037539,,,,,,,,,,,,,,0,134,0,132,-17,82.660004,90.000000,-25.837830,-161.101578,186.939407,10581,11520,942
15.137599,,,,,,,,,,,,,,0,130,0,128,-16,82.660004,90.000000,-25.198219,-157.074127,182.272339,10581,11520,943
15.231708,0,192,170,-88,-8,-27.450001,2.820000,-7.910301,75.843758,-67.933456,3514,362,451,,,,,,,,,,,,,
15.237685,,,,,,,,,,,,,,0,126,0,125,-9,85.870003,90.000000,-14.608292,-168.578735,183.187042,10992,11520,944
15.331792,0,197,166,-104,-9,-31.959999,3.220000,-8.624084,86.853760,-78.229675,4092,413,452,,,,,,,,,,,,,
15.337706,,,,,,,,,,,,,,0,122,0,121,0,89.650002,90.000000,-1.132797,-166.158051,167.290833,11476,11520,945
15.437811,,,,,,,,,,,,,,0,119,0,118,8,86.050003,-90.000000,13.055054,-171.060699,158.005646,11015,11520,946
15.531919,0,182,103,-147,26,-54.189999,-14.620000,26.596146,113.149231,-139.745377,6937,1872,454,,,,,,,,,,,,,
15.537832,,,,,,,,,,,,,,0,120,0,116,30,75.379997,-90.000000,50.242645,-192.137222,141.894577,9649,11520,947
15.631926,0,185,101,-127,-88,-43.410000,41.180000,-86.109077,150.206543,-64.097466,5557,5272,455,,,,,,,,,,,,,
15.637882,,,,,,,,,,,,,,0,118,0,107,48,65.559998,-90.000000,91.640305,-220.590866,128.950562,8392,11520,948
15.731999,0,177,76,-83,-135,-28.170000,60.630001,-138.279953,142.765656,-4.485703,3607,7761,456,,,,,,,,,,,,,
15.737979,,,,,,,,,,,,,,0,119,0,105,54,62.849998,-90.000000,105.117935,-230.201447,125.083511,8046,11520,949
15.832009,0,174,0,25,-172,8.310000,90.000000,-215.516022,80.461365,135.054657,1064,11520,457,,,,,,,,,,,,,
15.838028,,,,,,,,,,,,,,0,120,0,104,59,60.250000,-90.000000,116.008224,-233.788406,117.780182,7712,11520,950
15.938048,,,,,,,,,,,,,,0,123,0,102,67,56.639999,-90.000000,126.438202,-229.603912,103.165710,7251,11520,951
16.038142,,,,,,,,,,,,,,0,130,0,100,82,50.369999,-90.000000,147.197510,-227.633499,80.435974,6448,11520,952
16.132186,0,167,138,-73,-57,-26.150000,22.680000,-62.323814,99.894402,-37.570587,3348,2904,460,,,,,,,,,,,,,
16.232265,0,174,104,-43,-132,-14.370000,51.660000,-136.780975,107.129509,29.651474,1840,6613,461,,,,,,,,,,,,,
16.332330,0,159,27,-85,-131,-32.320000,78.040001,-148.801056,157.771011,-8.969955,4138,9990,462,,,,,,,,,,,,,
16.338295,,,,,,,,,,,,,,0,132,0,74,108,34.580002,-90.000000,188.687927,-207.034943,18.346985,4427,11520,955
16.438317,,,,,,,,,,,,,,0,132,0,66,114,30.020000,-90.000000,166.099350,-166.205414,0.106079,3843,11520,956
16.532353,0,162,0,-33,-158,-11.940000,90.000000,-195.579865,133.649872,61.929993,1529,11520,464,,,,,,,,,,,,,
16.538366,,,,,,,,,,,,,,0,134,0,61,119,27.129999,-90.000000,192.075989,-181.333618,-10.742378,3473,11520,957
16.638436,,,,,,,,,,,,,,0,137,0,59,123,25.559999,-90.000000,182.132477,-166.555908,-15.576569,3272,11520,958
16.732574,0,150,85,-114,45,-50.040001,-27.940001,54.184326,92.416565,-146.600891,6406,3577,466,,,,,,,,,,,,,
16.738468,,,,,,,,,,,,,,0,136,0,60,121,26.250000,-90.000000,189.489716,-175.696808,-13.792908,3360,11520,959
16.832538,0,139,0,-110,84,-52.369999,-90.000000,141.069977,88.031647,-229.101624,6704,11520,467,,,,,,,,,,,,,
16.838542,,,,,,,,,,,,,,0,139,0,45,131,18.900000,-90.000000,184.717728,-147.175018,-37.542709,2420,11520,960
16.932699,0,144,117,-72,-39,-30.350000,18.590000,-49.551331,103.565598,-54.014252,3886,2380,468,,,,,,,,,,,,,
16.938586,,,,,,,,,,,,,,0,143,0,51,133,21.309999,-90.000000,193.593506,-162.250107,-31.343384,2728,11520,961
17.032677,0,134,0,-113,71,-57.520000,-90.000000,103.718674,89.341721,-193.060394,7363,11520,469,,,,,,,,,,,,,
17.038651,,,,,,,,,,,,,,0,148,0,30,144,11.900000,-90.000000,185.551483,-126.678940,-58.872543,1524,11520,962
17.132701,0,142,0,-22,140,-9.020000,-90.000000,256.967896,-93.100159,-163.867722,1155,11520,470,,,,,,,,,,,,,
17.138719,,,,,,,,,,,,,,0,153,0,20,151,7.820000,-90.000000,183.133026,-113.387222,-69.745796,1002,11520,963
17.232887,0,130,55,-53,104,-24.309999,-62.080002,144.949738,-8.260529,-136.689209,3112,7947,471,,,,,,,,,,,,,
17.238762,,,,,,,,,,,,,,0,157,0,14,156,5.340000,-90.000000,186.172668,-108.193176,-77.979492,684,11520,964
17.332887,0,129,75,81,66,39.000000,-41.529999,92.743637,-144.510422,51.766785,4993,5317,472,,,,,,,,,,,,,
17.338889,,,,,,,,,,,,,,0,159,37,8,154,2.940000,-76.290001,174.652756,-95.368439,-79.284302,377,9766,965
17.433020,0,131,100,-72,42,-33.849998,-22.950001,58.306580,57.711273,-116.017868,4334,2938,473,,,,,,,,,,,,,
17.439022,,,,,,,,,,,,,,0,160,86,-13,134,-4.950000,-57.230000,150.818619,-61.916382,-88.902222,634,7326,966
17.533033,0,135,98,-92,7,-43.209999,-4.480000,10.283047,101.618713,-111.901764,5532,574,474,,,,,,,,,,,,,
17.633024,0,123,0,-85,88,-43.840000,-90.000000,148.577118,49.339546,-197.916687,5612,11520,475,,,,,,,,,,,,,
17.639104,,,,,,,,,,,,,,0,162,103,-74,100,-27.200001,-44.130001,111.479431,15.549484,-127.028915,3482,5649,968
17.733146,0,130,116,-21,54,-9.540000,-25.200001,75.628662,-11.939911,-63.688751,1222,3226,476,,,,,,,,,,,,,
17.739185,,,,,,,,,,,,,,0,165,103,-88,92,-32.630001,-42.000000,101.451500,33.370186,-134.821686,4177,5377,969
17.833228,0,124,43,-31,111,-14.910000,-68.919998,162.312073,-41.014893,-121.297188,1909,8823,477,,,,,,,,,,,,,
17.839238,,,,,,,,,,,,,,0,167,100,-99,88,-36.750000,-41.509998,95.591179,45.506981,-141.098160,4705,5314,970
17.939305,,,,,,,,,,,,,,0,168,95,-115,75,-43.500000,-38.070000,80.523041,67.063591,-147.586639,5569,4874,971
18.039337,,,,,,,,,,,,,,0,169,79,-130,72,-50.320000,-42.180000,77.162155,81.422478,-158.584641,6442,5400,972
18.139395,,,,,,,,,,,,,,0,173,78,-141,61,-54.680000,-37.840000,63.838493,95.302528,-159.141022,7000,4844,973
18.339449,,,,,,,,,,,,,,0,177,59,-154,61,-61.070000,-46.000000,62.620499,105.135567,-167.756073,7818,5888,975
18.539575,,,,,,,,,,,,,,0,173,39,-159,52,-67.610001,-52.830002,54.619770,116.834572,-171.454346,8655,6763,977
18.739625,,,,,,,,,,,,,,0,177,14,-168,53,-71.860001,-74.370003,53.924892,121.188179,-175.113068,9199,9520,979
18.839709,,,,,,,,,,,,,,0,177,57,-160,47,-65.199997,-39.500000,48.002110,117.525070,-165.527176,8346,5056,980
18.939741,,,,,,,,,,,,,,0,179,66,-161,38,-64.660004,-30.040001,38.565689,121.619141,-160.184814,8277,3846,981
19.039778,,,,,,,,,,,,,,0,179,54,-166,36,-68.599998,-33.900002,36.627838,126.836891,-163.464722,8782,4340,982
19.233888,0,131,113,-42,-50,-18.969999,23.879999,-68.930847,85.187149,-16.256302,2429,3057,491,,,,,,,,,,,,,
19.239909,,,,,,,,,,,,,,0,178,43,-172,11,-75.169998,-15.200000,12.074364,144.667877,-156.742249,9623,1946,984
19.533991,0,139,97,-82,-54,-36.439999,29.100000,-70.434357,127.852074,-57.417717,4665,3726,494,,,,,,,,,,,,,
19.539948,,,,,,,,,,,,,,0,179,0,-176,-27,-81.029999,90.000000,-28.899620,173.316437,-144.416824,10373,11520,987
19.634077,0,133,25,-115,60,-60.160000,-67.129997,82.486816,93.999466,-176.486298,7701,8593,495,,,,,,,,,,,,,
19.639984,,,,,,,,,,,,,,0,181,0,-178,-31,-80.000000,90.000000,-31.494186,170.512802,-139.018616,10240,11520,988
19.734104,0,139,0,-111,83,-53.189999,-90.000000,117.334961,77.197037,-194.531998,6809,11520,496,,,,,,,,,,,,,
19.740062,,,,,,,,,,,,,,0,180,0,-174,-42,-76.309998,90.000000,-42.790405,173.705872,-130.915466,9768,11520,989
19.834116,0,142,0,-99,101,-44.389999,-90.000000,169.865829,59.144165,-229.009995,5683,11520,497,,,,,,,,,,,,,
20.040302,,,,,,,,,,,,,,0,177,44,-162,-53,-66.760002,49.970001,-54.359741,170.432434,-116.072678,8546,6397,992
20.134331,0,147,111,-92,24,-39.110001,-12.210000,29.556274,83.591797,-113.148071,5007,1564,500,,,,,,,,,,,,,
20.140336,,,,,,,,,,,,,,0,176,15,-166,-55,-70.760002,74.750000,-57.182976,175.783234,-118.600250,9058,9568,993
20.234390,0,147,92,-113,14,-50.270000,-8.660000,17.353794,111.236115,-128.589905,6435,1109,501,,,,,,,,,,,,,
20.240397,,,,,,,,,,,,,,0,182,58,-164,-50,-64.779999,40.790001,-50.095322,166.089020,-115.993698,8293,5222,994
20.334394,0,156,0,-132,82,-58.060001,-90.000000,128.138916,114.011192,-242.150116,7432,11520,502,,,,,,,,,,,,,
20.340448,,,,,,,,,,,,,,0,182,84,-151,-55,-56.310001,33.110001,-54.535286,156.998383,-102.463097,7208,4239,995
20.434492,0,156,107,-83,75,-32.549999,-35.029999,87.110992,40.344299,-127.455292,4167,4485,503,,,,,,,,,,,,,
20.440501,,,,,,,,,,,,,,0,185,84,-154,-57,-56.400002,34.150002,-55.917442,157.814789,-101.897354,7220,4372,996
20.534540,0,159,139,-49,57,-18.250000,-22.299999,64.907478,16.380829,-81.288307,2336,2855,504,,,,,,,,,,,,,
20.540563,,,,,,,,,,,,,,0,187,63,-163,-65,-60.869999,45.959999,-62.965897,167.673767,-104.707886,7792,5884,997
20.634623,0,156,93,-96,-79,-38.220001,40.330002,-91.537415,142.238007,-50.700584,4893,5163,505,,,,,,,,,,,,,
20.640609,,,,,,,,,,,,,,0,189,89,-152,-68,-53.590000,37.389999,-64.864624,157.917236,-93.052597,6860,4787,998
20.734575,0,159,0,13,-158,4.970000,90.000000,-224.193314,95.147430,129.045898,637,11520,506,,,,,,,,,,,,,
20.740672,,,,,,,,,,,,,,0,186,83,-155,-58,-56.669998,35.099998,-56.857780,158.699295,-101.841515,7255,4494,999
20.834644,0,166,0,-22,-164,-7.710000,90.000000,-190.719513,117.763641,72.955872,988,11520,507,,,,,,,,,,,,,
20.840768,,,,,,,,,,,,,,0,190,84,-159,-60,-56.919998,35.849998,-57.548035,159.408264,-101.860229,7287,4590,1000
20.934795,0,154,96,-118,-20,-50.250000,11.820000,-23.600220,131.668732,-108.068512,6433,1514,508,,,,,,,,,,,,,
20.940826,,,,,,,,,,,,,,0,192,67,-168,-63,-61.340000,43.279999,-59.177010,166.388702,-107.211700,7852,5541,1001
21.034832,0,153,66,-134,27,-61.840000,-22.450001,32.445847,121.224304,-153.670166,7916,2874,509,,,,,,,,,,,,,
21.040851,,,,,,,,,,,,,,0,192,55,-176,-51,-66.809998,43.250000,-48.543060,167.575989,-119.032928,8552,5536,1002
21.240943,,,,,,,,,,,,,,0,184,28,-177,-40,-74.400002,54.919998,-39.591026,169.945770,-130.354752,9524,7031,1004
21.340934,,,,,,,,,,,,,,0,196,0,-191,-41,-77.910004,90.000000,-38.200928,173.742493,-135.541550,9973,11520,1005
21.440979,,,,,,,,,,,,,,0,195,0,-193,-27,-82.000000,90.000000,-25.105385,167.610840,-142.505447,10497,11520,1006
21.535006,0,153,0,-130,80,-58.389999,-90.000000,143.649261,130.405823,-274.055054,7475,11520,514,,,,,,,,,,,,,
21.541033,,,,,,,,,,,,,,0,193,0,-191,-20,-83.949997,90.000000,-19.051697,165.621765,-146.570068,10746,11520,1007
21.635089,0,150,0,-131,71,-61.639999,-90.000000,122.431885,135.307220,-257.739105,7891,11520,515,,,,,,,,,,,,,
21.641169,,,,,,,,,,,,,,0,181,31,-178,-1,-79.970001,2.250000,-1.238098,154.129150,-152.891052,10237,289,1008
21.735246,0,137,55,-123,20,-64.599998,-20.230000,26.701416,127.480400,-154.181824,8270,2590,516,,,,,,,,,,,,,
21.741259,,,,,,,,,,,,,,0,182,53,-173,14,-72.129997,-15.220000,14.502113,141.128860,-155.630981,9233,1949,1009
21.835239,0,131,105,-75,-19,-35.070000,10.220000,-26.180908,102.701210,-76.520302,4490,1309,517,,,,,,,,,,,,,
21.841311,,,,,,,,,,,,,,0,178,52,-169,19,-71.809998,-20.020000,19.232300,138.495270,-157.727570,9192,2563,1010
21.941354,,,,,,,,,,,,,,0,178,63,-162,35,-65.730003,-29.340000,36.254166,123.994324,-160.248474,8414,3756,1011
22.041421,,,,,,,,,,,,,,0,178,53,-165,37,-68.290001,-35.060001,38.237251,125.726074,-163.963318,8742,4488,1012
22.141458,,,,,,,,,,,,,,0,181,46,-167,48,-68.050003,-46.369999,48.677788,120.261543,-168.939331,8711,5936,1013
22.241504,,,,,,,,,,,,,,0,190,45,-178,47,-69.750000,-46.259998,45.002380,123.758499,-168.760880,8929,5922,1014
22.341561,,,,,,,,,,,,,,0,195,53,-177,60,-65.559998,-48.189999,55.483971,114.195122,-169.679092,8392,6169,1015
22.441582,,,,,,,,,,,,,,0,197,86,-164,64,-56.799999,-36.430000,58.525467,101.198944,-159.724411,7271,4664,1016
22.541643,,,,,,,,,,,,,,0,194,56,-169,74,-61.139999,-53.200001,69.558479,101.758347,-171.316833,7827,6810,1017
22.641712,,,,,,,,,,,,,,0,195,81,-160,75,-55.349998,-42.950001,69.725533,93.392670,-163.118195,7086,5498,1018
22.741734,,,,,,,,,,,,,,0,193,84,-152,83,-52.189999,-44.650002,77.550247,84.400642,-161.950897,6681,5716,1019
22.841804,,,,,,,,,,,,,,0,192,99,-135,92,-45.090000,-42.980000,86.639465,67.099838,-153.739304,5772,5502,1020
22.941849,,,,,,,,,,,,,,0,194,108,-128,97,-41.299999,-42.009998,90.498627,57.670609,-148.169235,5287,5378,1021
23.041891,,,,,,,,,,,,,,0,191,111,-118,100,-38.330002,-41.919998,94.341858,49.531982,-143.873840,4907,5367,1022
23.141923,,,,,,,,,,,,,,0,187,111,-107,105,-34.970001,-43.330002,101.216362,38.776375,-139.992737,4477,5547,1023
23.241973,,,,,,,,,,,,,,0,188,122,-82,116,-26.010000,-43.369999,111.105072,12.852242,-123.957321,3330,5552,1024
23.342003,,,,,,,,,,,,,,0,189,122,-69,126,-21.690001,-45.849998,120.016960,-2.346008,-117.670952,2777,5870,1025
23.442074,,,,,,,,,,,,,,0,188,120,-48,135,-14.890000,-48.270000,129.847931,-24.817871,-105.030060,1907,6179,1026
23.542132,,,,,,,,,,,,,,0,188,104,-27,153,-8.340000,-55.840000,147.392609,-51.055649,-96.336967,1068,7148,1027
23.636072,0,169,0,-129,108,-50.169998,-90.000000,150.041428,80.882019,-230.923462,6423,11520,535,,,,,,,,,,,,,
23.642175,,,,,,,,,,,,,,0,187,109,-16,150,-4.910000,-54.090000,145.280930,-59.266296,-86.014626,629,6924,1028
23.736155,0,174,156,-60,-47,-20.250000,16.879999,-49.079254,78.510696,-29.431458,2592,2161,536,,,,,,,,,,,,,
23.742230,,,,,,,,,,,,,,0,185,99,-7,156,-2.170000,-57.599998,151.899872,-70.006485,-81.893402,279,7374,1029
23.836284,0,163,115,-105,44,-40.529999,-21.080000,49.227905,76.723602,-125.951508,5189,2699,537,,,,,,,,,,,,,
23.842271,,,,,,,,,,,,,,0,184,53,11,175,3.450000,-73.070000,171.901993,-95.368027,-76.533966,442,9354,1030
23.936322,0,175,109,-112,76,-39.980000,-34.900002,78.927765,60.727871,-139.655640,5118,4468,538,,,,,,,,,,,,,
23.942315,,,,,,,,,,,,,,0,182,35,21,177,6.730000,-78.629997,175.253296,-105.929138,-69.324165,862,10065,1031
24.036418,0,173,125,-72,94,-24.809999,-37.080002,98.526955,16.178970,-114.705925,3176,4747,539,,,,,,,,,,,,,
24.042339,,,,,,,,,,,,,,0,179,0,39,174,12.880000,-90.000000,188.488495,-131.622223,-56.866272,1649,11520,1032
24.136465,0,171,136,-101,20,-36.389999,-8.420000,21.256256,81.895561,-103.151817,4659,1079,540,,,,,,,,,,,,,
24.142372,,,,,,,,,,,,,,0,177,0,45,171,14.750000,-90.000000,185.971542,-135.407440,-50.564095,1888,11520,1033
24.236424,0,170,162,-26,-40,-9.060000,14.060000,-43.223450,46.197281,-2.973831,1160,1800,541,,,,,,,,,,,,,
24.242444,,,,,,,,,,,,,,0,174,0,60,163,20.299999,-90.000000,199.787064,-163.947800,-35.839264,2599,11520,1034
24.342507,,,,,,,,,,,,,,0,169,0,64,156,22.360001,-90.000000,192.272919,-164.685120,-27.587799,2863,11520,1035
24.442500,,,,,,,,,,,,,,0,169,0,61,157,21.360001,-90.000000,183.737244,-154.144989,-29.592247,2735,11520,1036
24.536649,0,184,169,-39,60,-12.250000,-19.799999,59.616356,3.302643,-62.918999,1569,2535,544,,,,,,,,,,,,,
24.542576,,,,,,,,,,,,,,0,168,0,76,149,27.250000,-90.000000,186.969818,-176.925201,-10.044617,3489,11520,1037
24.642654,,,,,,,,,,,,,,0,168,0,74,150,26.430000,-90.000000,180.658936,-168.153778,-12.505157,3384,11520,1038
24.742695,,,,,,,,,,,,,,0,162,0,80,140,29.809999,-90.000000,180.409821,-179.763519,-0.646301,3816,11520,1039
24.842760,,,,,,,,,,,,,,0,166,0,82,144,29.760000,-90.000000,240.885956,-239.802124,-1.083801,3810,11520,1040
25.242909,,,,,,,,,,,,,,0,148,0,107,101,46.820000,-90.000000,149.954575,-213.432556,63.477966,5994,11520,1044
25.342944,,,,,,,,,,,,,,0,145,0,111,92,50.209999,-90.000000,150.934738,-232.516296,81.581543,6428,11520,1045
25.443038,,,,,,,,,,,,,,0,143,0,115,84,53.900002,-90.000000,137.013626,-231.330872,94.317245,6900,11520,1046
25.543056,,,,,,,,,,,,,,0,144,0,118,81,55.520000,-90.000000,129.626495,-228.365936,98.739441,7107,11520,1047
25.643144,,,,,,,,,,,,,,0,142,0,126,64,62.810001,-90.000000,102.358612,-223.859100,121.500488,8040,11520,1048
25.743193,,,,,,,,,,,,,,0,142,0,130,56,66.389999,-90.000000,92.448692,-229.520020,137.071320,8499,11520,1049
25.843216,,,,,,,,,,,,,,0,143,0,132,52,68.400002,-90.000000,84.293282,-226.642242,142.348969,8756,11520,1050
25.943265,,,,,,,,,,,,,,0,141,0,134,40,73.150002,-90.000000,61.162704,-205.634949,144.472244,9364,11520,1051
26.043304,,,,,,,,,,,,,,0,138,0,137,12,84.839996,-90.000000,17.833349,-180.284882,162.451538,10860,11520,1052
26.143360,,,,,,,,,,,,,,0,141,0,140,5,87.910004,-90.000000,7.330849,-178.745605,171.414764,11253,11520,1053
26.243423,,,,,,,,,,,,,,0,136,0,135,-1,89.320000,90.000000,-2.380058,-175.985123,178.365173,11434,11520,1054
26.343450,,,,,,,,,,,,,,0,138,0,137,-9,86.050003,90.000000,-14.147850,-170.872437,185.020294,11015,11520,1055
26.443489,,,,,,,,,,,,,,0,141,0,139,-21,81.370003,90.000000,-30.894688,-161.129852,192.024536,10416,11520,1056
26.543562,,,,,,,,,,,,,,0,141,0,135,-38,73.980003,90.000000,-56.887589,-143.317505,200.205093,9470,11520,1057
26.643634,,,,,,,,,,,,,,0,146,0,134,-56,67.250000,90.000000,-80.074646,-125.454971,205.529602,8609,11520,1058
26.743633,,,,,,,,,,,,,,0,148,0,127,-75,59.310001,90.000000,-109.880478,-105.495041,215.375519,7592,11520,1059
26.843693,,,,,,,,,,,,,,0,149,0,113,-96,49.750000,90.000000,-144.338379,-75.542999,219.881378,6369,11520,1060
26.943746,,,,,,,,,,,,,,0,152,0,111,-103,47.180000,90.000000,-150.894928,-65.665237,216.560165,6040,11520,1061
27.243881,,,,,,,,,,,,,,0,156,0,86,-129,33.680000,90.000000,-180.401367,-13.972809,194.374176,4312,11520,1064
27.343926,,,,,,,,,,,,,,0,157,0,79,-135,30.440001,90.000000,-187.437485,-1.716324,189.153809,3897,11520,1065
27.443990,,,,,,,,,,,,,,0,160,0,80,-138,30.209999,90.000000,-183.627014,-0.841370,184.468384,3868,11520,1066
27.544005,,,,,,,,,,,,,,0,162,0,72,-144,26.639999,90.000000,-180.562088,11.795822,168.766266,3411,11520,1067
27.644068,,,,,,,,,,,,,,0,165,0,62,-152,22.320000,90.000000,-175.263840,25.268188,149.995651,2858,11520,1068
27.944211,,,,,,,,,,,,,,0,180,91,0,-155,0.000000,59.520000,-155.156006,77.832390,77.323608,0,7619,1071
28.244363,,,,,,,,,,,,,,0,184,95,-13,-156,-4.090000,58.650002,-153.348709,87.846451,65.502258,524,7508,1074
28.344421,,,,,,,,,,,,,,0,182,113,-23,-140,-7.480000,50.980000,-138.681534,89.685890,48.995636,958,6526,1075
28.438474,0,196,114,156,25,53.110001,-12.340000,23.115387,-136.249268,113.133881,6799,1580,0,,,,,,,,,,,,,
28.444473,,,,,,,,,,,,,,0,180,118,-25,-133,-8.120000,48.320000,-133.120056,88.623734,44.496338,1040,6186,1076
28.538416,0,193,0,192,-4,88.760002,90.000000,-5.363716,-214.986328,220.350037,11362,11520,1,,,,,,,,,,,,,
28.544495,,,,,,,,,,,,,,0,181,120,-24,-132,-7.800000,47.680000,-131.886169,87.139877,44.746307,999,6104,1077
28.638503,0,180,0,162,77,64.570000,-90.000000,78.342018,-181.934113,103.592102,8266,11520,2,,,,,,,,,,,,,
28.644556,,,,,,,,,,,,,,0,183,130,-35,-123,-11.060000,43.520000,-121.679581,90.782318,30.897263,1416,5571,1078
28.738625,0,190,37,160,94,57.680000,-68.470001,89.487823,-176.505005,87.017181,7384,8765,3,,,,,,,,,,,,,
28.744630,,,,,,,,,,,,,,0,184,131,-53,-117,-17.040001,41.709999,-114.530136,102.986740,11.543396,2182,5340,1079
28.838610,0,188,0,187,-11,86.580002,90.000000,-15.243713,-214.552094,229.795807,11083,11520,4,,,,,,,,,,,,,
28.844697,,,,,,,,,,,,,,0,185,124,-81,-110,-26.070000,41.630001,-107.426971,122.256882,-14.829910,3338,5329,1080
28.938706,0,184,0,176,52,73.519997,-90.000000,62.720207,-215.134521,152.414322,9411,11520,5,,,,,,,,,,,,,
28.944770,,,,,,,,,,,,,,0,189,102,-116,-107,-38.029999,46.369999,-102.631195,147.390762,-44.759567,4869,5936,1081
29.038752,0,174,0,158,71,65.629997,-90.000000,90.546402,-218.524384,127.977966,8401,11520,6,,,,,,,,,,,,,
29.044811,,,,,,,,,,,,,,0,189,82,-141,-95,-48.259998,49.040001,-90.485626,161.594116,-71.108498,6178,6278,1082
29.138815,0,174,0,162,62,69.070000,-90.000000,90.351501,-249.884766,159.533264,8842,11520,7,,,,,,,,,,,,,
29.144923,,,,,,,,,,,,,,0,187,63,-162,-66,-60.380001,46.230000,-64.226410,167.646667,-103.420258,7729,5918,1083
29.238941,0,168,80,38,-142,13.260000,60.529999,-152.552963,40.494385,112.058578,1698,7749,8,,,,,,,,,,,,,
29.244982,,,,,,,,,,,,,,0,191,97,-145,-76,-49.500000,37.959999,-71.918747,154.504913,-82.586166,6336,4860,1084
29.338993,0,163,126,-101,20,-38.410000,-9.160000,22.492981,85.640923,-108.133911,4917,1173,9,,,,,,,,,,,,,
29.345015,,,,,,,,,,,,,,0,188,91,-147,-72,-51.680000,38.349998,-69.243988,156.955139,-87.711151,6616,4910,1085
29.439073,0,159,70,-136,40,-59.189999,-29.950001,46.026733,110.890411,-156.917175,7577,3834,10,,,,,,,,,,,,,
29.445091,,,,,,,,,,,,,,0,188,84,-159,-54,-57.820000,32.779999,-51.900192,157.913986,-106.013786,7402,4197,1086
29.539117,0,149,102,-108,0,-46.480000,0.000000,-0.789284,113.465515,-112.676239,5950,0,11,,,,,,,,,,,,,
29.545153,,,,,,,,,,,,,,0,186,54,-168,-57,-64.839996,46.560001,-55.543915,168.889069,-113.345161,8300,5960,1087
29.745159,,,,,,,,,,,,,,0,186,0,-178,-50,-74.160004,90.000000,-49.769928,176.951996,-127.182053,9493,11520,1089
29.839281,0,147,107,-89,46,-37.389999,-23.290001,56.573936,66.396851,-122.970787,4787,2982,14,,,,,,,,,,,,,
29.845215,,,,,,,,,,,,,,0,188,0,-182,-45,-76.080002,90.000000,-46.082375,184.270233,-138.187851,9739,11520,1090
29.939309,0,147,129,-68,9,-27.620001,-4.210000,11.743439,66.426285,-78.169724,3536,540,15,,,,,,,,,,,,,
29.945264,,,,,,,,,,,,,,0,188,0,-185,-31,-80.500000,90.000000,-30.544884,173.421127,-142.876251,10304,11520,1091
30.039334,0,146,0,-133,58,-66.349998,-90.000000,109.911247,162.577545,-272.488770,8494,11520,16,,,,,,,,,,,,,
30.045425,,,,,,,,,,,,,,0,187,44,-181,-10,-75.849998,12.830000,-9.774864,156.050018,-146.275146,9710,1643,1092
30.145462,,,,,,,,,,,,,,0,184,30,-181,0,-80.589996,0.000000,-0.500237,154.042236,-153.542007,10316,1,1093
30.245533,,,,,,,,,,,,,,0,187,58,-177,9,-71.370003,-9.500000,9.497391,142.980911,-152.478302,9136,1217,1094
30.339551,0,136,73,-114,10,-57.060001,-7.940000,13.532700,124.086975,-137.619675,7304,1017,19,,,,,,,,,,,,,
30.345596,,,,,,,,,,,,,,0,185,66,-171,22,-67.690002,-19.100000,22.367844,133.043304,-155.411148,8665,2446,1095
30.445646,,,,,,,,,,,,,,0,185,63,-171,29,-67.800003,-25.190001,28.949738,129.865280,-158.815018,8679,3225,1096
30.545682,,,,,,,,,,,,,,0,185,63,-169,37,-66.519997,-31.000000,36.932945,124.526611,-161.459564,8515,3969,1097
30.645724,,,,,,,,,,,,,,0,186,70,-167,41,-63.930000,-30.570000,40.226410,119.932617,-160.159058,8184,3914,1098
30.745786,,,,,,,,,,,,,,0,183,29,-174,46,-72.540001,-56.980000,45.256393,126.086090,-171.342484,9286,7294,1099
31.039834,0,147,103,-86,-57,-36.049999,29.040001,-70.670135,127.101715,-56.431580,4615,3718,26,,,,,,,,,,,,,
31.045890,,,,,,,,,,,,,,0,186,59,-166,59,-63.189999,-44.720001,57.100754,110.601196,-167.701950,8089,5725,1102
31.145970,,,,,,,,,,,,,,0,192,72,-167,60,-60.509998,-39.860001,56.777405,107.324936,-164.102341,7746,5103,1103
31.246011,,,,,,,,,,,,,,0,197,69,-168,74,-58.849998,-47.009998,68.105095,99.370651,-167.475739,7534,6018,1104
31.346074,,,,,,,,,,,,,,0,204,85,-166,81,-54.750000,-43.570000,71.613708,91.504692,-163.118408,7008,5578,1105
31.446103,,,,,,,,,,,,,,0,214,72,-178,93,-56.570000,-52.110001,78.242035,90.995064,-169.237091,7242,6671,1106
31.546163,,,,,,,,,,,,,,0,224,99,-180,86,-53.900002,-41.220001,69.884476,91.027672,-160.912140,6900,5277,1107
31.646232,,,,,,,,,,,,,,0,236,104,-188,95,-53.189999,-42.380001,72.684509,88.495316,-161.179825,6809,5425,1108
31.746283,,,,,,,,,,,,,,0,246,130,-185,95,-48.910000,-36.250000,69.942772,82.545380,-152.488159,6261,4640,1109
31.846308,,,,,,,,,,,,,,0,255,119,-195,113,-49.889999,-43.570000,79.939568,79.271454,-159.211029,6387,5578,1110
31.946347,,,,,,,,,,,,,,0,266,149,-185,118,-44.150002,-38.360001,80.162109,68.518188,-148.680298,5652,4911,1111
32.046411,,,,,,,,,,,,,,0,275,151,-189,129,-43.599998,-40.560001,84.760071,65.153748,-149.913818,5582,5192,1112
32.146462,,,,,,,,,,,,,,0,289,143,-212,133,-47.340000,-42.840000,82.931458,73.202591,-156.134048,6060,5484,1113
32.246511,,,,,,,,,,,,,,0,297,145,-212,148,-45.580002,-45.619999,90.050652,66.336029,-156.386688,5835,5840,1114
32.346573,,,,,,,,,,,,,,0,313,170,-217,147,-43.900002,-40.950001,85.001968,65.619034,-150.621002,5620,5242,1115
32.446608,,,,,,,,,,,,,,0,323,161,-228,161,-45.000000,-44.950001,89.933685,65.268097,-155.201782,5760,5754,1116
32.546654,,,,,,,,,,,,,,0,337,174,-232,169,-43.669998,-44.169998,90.720024,62.312973,-153.032990,5591,5655,1117
32.646720,,,,,,,,,,,,,,0,350,185,-241,171,-43.700001,-42.689999,88.240997,63.598938,-151.839935,5594,5465,1118
32.746748,,,,,,,,,,,,,,0,362,199,-246,174,-42.970001,-41.220001,86.801086,62.877197,-149.678284,5501,5277,1119
32.846798,,,,,,,,,,,,,,0,373,191,-261,184,-44.590000,-43.900002,88.878319,65.032745,-153.911072,5708,5620,1120
32.946845,,,,,,,,,,,,,,0,385,219,-255,186,-41.500000,-40.380001,87.354836,59.620415,-146.975250,5312,5169,1121
33.046901,,,,,,,,,,,,,,0,395,228,-259,191,-41.080002,-40.020000,87.256081,58.827026,-146.083099,5259,5123,1122
33.146943,,,,,,,,,,,,,,0,408,214,-289,191,-45.259998,-41.720001,84.322998,68.599937,-152.922943,5794,5341,1123
33.246993,,,,,,,,,,,,,,0,419,229,-280,210,-41.950001,-42.590000,90.596291,58.942806,-149.539093,5370,5452,1124
33.347039,,,,,,,,,,,,,,0,431,247,-277,218,-40.110001,-41.410000,91.075562,54.915520,-145.991089,5135,5301,1125
33.447095,,,,,,,,,,,,,,0,444,276,-278,208,-38.779999,-37.060001,84.569366,55.382141,-139.951492,4965,4744,1126
33.547144,,,,,,,,,,,,,,0,454,263,-289,230,-39.590000,-41.259998,91.480072,53.632111,-145.112183,5068,5282,1127
33.647200,,,,,,,,,,,,,,0,470,241,-329,232,-44.480000,-43.840000,88.958588,64.779213,-153.737808,5694,5612,1128
33.947326,,,,,,,,,,,,,,0,502,245,-359,249,-45.759998,-45.419998,89.434982,66.998383,-156.433365,5858,5815,1131
34.047350,,,,,,,,,,,,,,0,513,281,-353,242,-43.580002,-40.820000,85.246758,64.863121,-150.109879,5579,5226,1132
34.147398,,,,,,,,,,,,,,0,523,276,-373,239,-45.590000,-40.820000,82.344238,70.217407,-152.561646,5836,5226,1133
34.247426,,,,,,,,,,,,,,0,537,270,-400,232,-48.279999,-40.689999,78.096100,77.333694,-155.429794,6181,5209,1134
34.347505,,,,,,,,,,,,,,0,548,300,-389,240,-45.360001,-38.639999,78.978584,71.451218,-150.429810,5807,4947,1135
34.447524,,,,,,,,,,,,,,0,559,260,-418,263,-48.529999,-45.349998,84.808525,74.423401,-159.231918,6213,5806,1136
34.547604,,,,,,,,,,,,,,0,571,300,-416,250,-46.830002,-39.830002,78.880028,74.275047,-153.155075,5995,5099,1137
34.647628,,,,,,,,,,,,,,0,586,312,-409,278,-44.389999,-41.680000,85.527901,66.314514,-151.842407,5683,5336,1138
34.747677,,,,,,,,,,,,,,0,599,276,-452,279,-49.000000,-45.310001,83.947578,75.695320,-159.642899,6273,5800,1139
34.847731,,,,,,,,,,,,,,0,609,279,-454,293,-48.250000,-46.439999,86.844040,72.904961,-159.748993,6177,5945,1140
34.947779,,,,,,,,,,,,,,0,618,291,-457,295,-47.810001,-45.369999,86.024261,72.521332,-158.545593,6120,5808,1141
35.047827,,,,,,,,,,,,,,0,628,316,-454,296,-46.320000,-43.080002,84.912819,70.303452,-155.216278,5930,5515,1142
35.147880,,,,,,,,,,,,,,0,639,340,-474,260,-47.889999,-37.369999,73.273865,79.028610,-152.302475,6131,4784,1143
35.247945,,,,,,,,,,,,,,0,654,359,-469,279,-45.900002,-37.880001,76.907822,73.524384,-150.432205,5876,4849,1144
35.347974,,,,,,,,,,,,,,0,663,337,-492,287,-48.000000,-40.410000,78.089844,76.819992,-154.909836,6145,5173,1145
35.448026,,,,,,,,,,,,,,0,670,339,-490,304,-47.110001,-41.919998,81.848541,73.321236,-155.169769,6031,5367,1146
35.548071,,,,,,,,,,,,,,0,680,325,-514,302,-49.169998,-42.910000,80.127319,77.920120,-158.047440,6295,5493,1147
35.748158,,,,,,,,,,,,,,0,699,314,-541,310,-50.810001,-44.680000,79.975136,80.853676,-160.828812,6504,5720,1149
35.848202,,,,,,,,,,,,,,0,712,349,-537,308,-49.060001,-41.410000,78.004372,78.786240,-156.790619,6280,5301,1150
35.948254,,,,,,,,,,,,,,0,725,277,-586,324,-53.959999,-49.500000,80.528458,85.804024,-166.332489,6908,6337,1151
36.048304,,,,,,,,,,,,,,0,730,315,-572,324,-51.689999,-45.730000,79.893112,82.399452,-162.292572,6617,5854,1152
36.148351,,,,,,,,,,,,,,0,740,304,-556,380,-48.770000,-51.349998,92.645889,70.931999,-163.577896,6243,6574,1153
36.348429,,,,,,,,,,,,,,0,753,392,-541,345,-46.000000,-41.410000,82.735672,70.768593,-153.504257,5888,5301,1155
36.548513,,,,,,,,,,,,,,0,768,443,-532,331,-43.880001,-36.830002,77.778694,69.191887,-146.970581,5617,4715,1157
36.848647,,,,,,,,,,,,,,0,784,444,-549,338,-44.529999,-37.320000,77.810303,70.440353,-148.250656,5701,4778,1160
36.948703,,,,,,,,,,,,,,0,788,377,-593,354,-48.910000,-43.189999,80.973473,77.018242,-157.991714,6261,5529,1161
37.048739,,,,,,,,,,,,,,0,793,365,-597,373,-48.840000,-45.619999,84.672401,75.043823,-159.716232,6252,5840,1162
37.148777,,,,,,,,,,,,,,0,796,380,-592,371,-48.099998,-44.320000,83.979935,74.061974,-158.041916,6158,5674,1163
37.248824,,,,,,,,,,,,,,0,793,388,-577,380,-46.750000,-44.410000,86.304733,70.411873,-156.716614,5985,5685,1164
37.448923,,,,,,,,,,,,,,0,801,346,-629,354,-51.750000,-45.700001,79.778496,82.532631,-162.311127,6624,5850,1166
37.849062,,,,,,,,,,,,,,0,810,437,-573,368,-45.099998,-40.070000,81.788696,69.561096,-151.349777,5774,5130,1170
37.949107,,,,,,,,,,,,,,0,811,353,-646,338,-52.880001,-43.709999,75.058128,86.791901,-161.850037,6769,5596,1171
38.049180,,,,,,,,,,,,,,0,810,368,-623,363,-50.290001,-44.630001,80.780525,79.561211,-160.341736,6438,5713,1172
38.149196,,,,,,,,,,,,,,0,809,354,-636,352,-51.840000,-44.880001,78.471619,83.364594,-161.836212,6636,5745,1173
38.249260,,,,,,,,,,,,,,0,805,460,-554,358,-43.529999,-37.889999,80.149017,67.323303,-147.472321,5573,4851,1174
38.349305,,,,,,,,,,,,,,0,798,511,-476,384,-36.680000,-36.970001,86.830788,49.730537,-136.561325,4696,4733,1175
38.449364,,,,,,,,,,,,,,0,789,432,-554,357,-44.639999,-39.590000,81.620811,68.748512,-150.369324,5715,5068,1176
38.549398,,,,,,,,,,,,,,0,781,451,-522,363,-42.040001,-38.860001,83.882851,62.485657,-146.368500,5382,4975,1177
38.649471,,,,,,,,,,,,,,0,773,393,-533,396,-43.689999,-45.189999,92.349487,61.526917,-153.876404,5593,5785,1178
38.749507,,,,,,,,,,,,,,0,761,479,-490,329,-40.150002,-34.459999,77.864685,61.612701,-139.477371,5140,4412,1179
38.949593,,,,,,,,,,,,,,0,741,379,-523,361,-44.939999,-43.610001,87.871857,66.214050,-154.085907,5753,5583,1181
39.049638,,,,,,,,,,,,,,0,733,378,-506,370,-43.720001,-44.400002,91.034332,62.241104,-153.275436,5597,5684,1182
39.149704,,,,,,,,,,,,,,0,723,389,-498,349,-43.570000,-41.900002,87.096695,63.915909,-151.012604,5578,5364,1183
39.249755,,,,,,,,,,,,,,0,708,353,-517,329,-46.939999,-42.970001,83.771622,72.037842,-155.809464,6009,5501,1184
39.349802,,,,,,,,,,,,,,0,695,340,-521,309,-48.570000,-42.220001,80.045990,76.872925,-156.918915,6218,5405,1185
39.449850,,,,,,,,,,,,,,0,683,355,-491,314,-46.000000,-41.520000,82.883537,70.727707,-153.611237,5889,5315,1186
39.649939,,,,,,,,,,,,,,0,660,366,-459,299,-44.150002,-39.200001,81.643173,67.783478,-149.426651,5652,5018,1188
39.749977,,,,,,,,,,,,,,0,647,385,-424,298,-41.040001,-37.770000,83.170776,60.800842,-143.971619,5254,4835,1189
39.850037,,,,,,,,,,,,,,0,636,318,-471,285,-47.820000,-41.869999,80.673767,75.203201,-155.876968,6122,5360,1190
39.950082,,,,,,,,,,,,,,0,621,340,-434,284,-44.400002,-39.820000,82.363770,67.916748,-150.280518,5684,5098,1191
40.050133,,,,,,,,,,,,,,0,606,336,-412,289,-42.919998,-40.650002,85.872009,63.245300,-149.117325,5495,5204,1192
40.150185,,,,,,,,,,,,,,0,597,285,-425,306,-45.439999,-47.000000,92.347954,64.920670,-157.268616,5817,6016,1193
40.350262,,,,,,,,,,,,,,0,571,259,-420,285,-47.500000,-47.700001,89.938599,69.984406,-159.923004,6081,6106,1195
40.450311,,,,,,,,,,,,,,0,557,218,-414,301,-48.099998,-54.060001,97.315536,67.392845,-164.708374,6158,6920,1196
40.550379,,,,,,,,,,,,,,0,541,284,-377,263,-44.180000,-42.799999,87.703171,64.818649,-152.521820,5656,5479,1197
40.650419,,,,,,,,,,,,,,0,530,228,-380,289,-45.880001,-51.720001,98.356583,62.754551,-161.111145,5873,6621,1198
40.750451,,,,,,,,,,,,,,0,519,283,-352,255,-42.730000,-42.020000,88.507378,61.544884,-150.052261,5470,5379,1199
40.850521,,,,,,,,,,,,,,0,503,281,-327,257,-40.669998,-42.529999,92.292839,55.465347,-147.758179,5207,5445,1200
40.950567,,,,,,,,,,,,,,0,491,274,-332,234,-42.689999,-40.509998,85.954849,62.748199,-148.703049,5465,5186,1201
41.050603,,,,,,,,,,,,,,0,481,257,-326,240,-42.820000,-43.049999,90.129356,60.924053,-151.053406,5482,5511,1202
41.150649,,,,,,,,,,,,,,0,467,242,-322,235,-43.700001,-44.189999,90.716476,62.366486,-153.082962,5594,5657,1203
41.250698,,,,,,,,,,,,,,0,454,237,-310,231,-43.090000,-44.250000,91.726425,60.666882,-152.393311,5516,5665,1204
41.350758,,,,,,,,,,,,,,0,442,234,-310,208,-44.700001,-41.599998,84.945129,67.198463,-152.143585,5722,5326,1205
41.450804,,,,,,,,,,,,,,0,428,203,-310,212,-46.509998,-46.209999,89.420708,68.410263,-157.830963,5954,5916,1206
41.550848,,,,,,,,,,,,,,0,415,222,-268,224,-40.389999,-45.360001,97.555717,52.255363,-149.811081,5171,5807,1207
41.650890,,,,,,,,,,,,,,0,401,209,-263,218,-41.080002,-46.250000,98.002785,53.457127,-151.459915,5259,5920,1208
41.750951,,,,,,,,,,,,,,0,390,207,-251,214,-40.150002,-46.020000,99.004372,51.041664,-150.046036,5140,5891,1209
41.851012,,,,,,,,,,,,,,0,378,189,-254,206,-42.230000,-47.430000,98.146942,55.731586,-153.878540,5406,6072,1210
42.051095,,,,,,,,,,,,,,0,351,187,-223,195,-39.500000,-46.279999,100.380829,49.001221,-149.382050,5057,5925,1212
42.251164,,,,,,,,,,,,,,0,325,197,-201,161,-38.250000,-39.340000,89.636894,51.692177,-141.329071,4896,5036,1214
42.351226,,,,,,,,,,,,,,0,316,172,-204,168,-40.250000,-44.389999,96.123077,52.669765,-148.792847,5152,5683,1215
42.451278,,,,,,,,,,,,,,0,303,165,-201,153,-41.810001,-42.799999,91.163193,58.364975,-149.528168,5352,5479,1216
42.551342,,,,,,,,,,,,,,0,290,178,-162,161,-34.020000,-42.139999,100.125504,37.175064,-137.300568,4355,5395,1217
42.651365,,,,,,,,,,,,,,0,276,161,-166,149,-37.099998,-42.869999,97.679619,45.229576,-142.909195,4750,5488,1218
42.751418,,,,,,,,,,,,,,0,264,135,-160,160,-37.369999,-49.779999,109.239166,40.018150,-149.257324,4784,6373,1219
42.951512,,,,,,,,,,,,,,0,238,152,-104,149,-26.139999,-44.360001,112.996033,12.220840,-125.216873,3347,5679,1221
43.051559,,,,,,,,,,,,,,0,227,139,-105,144,-27.690001,-46.020000,114.698074,15.122101,-129.820175,3545,5891,1222
43.151611,,,,,,,,,,,,,,0,216,143,-86,135,-23.610001,-43.320000,113.169708,5.877319,-119.047043,3023,5546,1223
43.345637,0,158,134,-29,77,-10.800000,-30.150000,88.832397,-15.176193,-73.656204,1383,3860,1,,,,,,,,,,,,,
43.351681,,,,,,,,,,,,,,0,196,127,-63,134,-18.780001,-46.450001,123.544449,-11.552803,-111.991646,2405,5946,1225
43.445718,0,155,92,-93,81,-37.320000,-41.590000,95.040558,47.015503,-142.056046,4778,5324,2,,,,,,,,,,,,,
43.451754,,,,,,,,,,,,,,0,188,124,-54,130,-16.700001,-46.220001,124.504128,-17.420471,-107.083664,2138,5917,1226
43.545707,0,155,0,-107,111,-44.119999,-90.000000,162.704391,55.345085,-218.049469,5648,11520,3,,,,,,,,,,,,,
43.551820,,,,,,,,,,,,,,0,179,102,-30,143,-9.660000,-54.430000,144.350891,-45.974915,-98.375977,1237,6968,1227
43.645831,0,160,41,-140,64,-61.500000,-57.220001,72.183105,100.926239,-173.109344,7873,7325,4,,,,,,,,,,,,,
43.745886,0,148,107,-53,86,-21.290001,-38.840000,105.205711,4.028580,-109.234291,2726,4972,5,,,,,,,,,,,,,
43.751832,,,,,,,,,,,,,,0,173,0,20,171,6.790000,-90.000000,184.792923,-111.496506,-73.296417,870,11520,1229
43.845972,0,146,91,-53,100,-21.370001,-47.529999,123.660217,-4.985168,-118.675049,2736,6085,6,,,,,,,,,,,,,
43.851956,,,,,,,,,,,,,,0,165,33,11,161,4.070000,-78.150002,175.723785,-98.956726,-76.767059,522,10004,1230
43.945992,0,146,134,-57,6,-23.040001,-2.820000,8.199974,56.945621,-65.145599,2950,362,7,,,,,,,,,,,,,
43.951935,,,,,,,,,,,,,,0,159,0,36,154,13.160000,-90.000000,186.216797,-130.860901,-55.355896,1685,11520,1231
44.045990,0,154,0,-85,128,-33.599998,-90.000000,155.775970,11.809830,-167.585800,4302,11520,8,,,,,,,,,,,,,
44.146129,0,151,39,-126,71,-57.160000,-61.209999,85.531235,88.222313,-173.753540,7317,7836,9,,,,,,,,,,,,,
44.246172,0,157,110,-103,-42,-41.130001,20.860001,-48.306358,126.725517,-78.419159,5265,2671,10,,,,,,,,,,,,,
44.252092,,,,,,,,,,,,,,0,143,0,46,135,18.950001,-90.000000,176.930054,-141.111786,-35.818268,2426,11520,1234
44.346270,0,156,79,-123,51,-52.619999,-32.680000,59.016251,94.384285,-153.400543,6736,4184,11,,,,,,,,,,,,,
44.352172,,,,,,,,,,,,,,0,142,0,56,130,23.570000,-90.000000,200.430161,-176.008667,-24.421509,3018,11520,1235
44.446215,0,154,0,-142,58,-67.519997,-90.000000,104.299232,166.320435,-270.619659,8643,11520,12,,,,,,,,,,,,,
44.452230,,,,,,,,,,,,,,0,140,0,67,122,28.889999,-90.000000,200.305038,-195.918671,-4.386353,3699,11520,1236
44.546273,0,163,103,-97,-79,-36.919998,37.770000,-88.151154,137.752228,-49.601074,4727,4835,13,,,,,,,,,,,,,
44.552301,,,,,,,,,,,,,,0,140,0,69,121,29.820000,-90.000000,186.584015,-185.979858,-0.604156,3818,11520,1237
44.652367,,,,,,,,,,,,,,0,144,0,75,122,31.690001,-90.000000,197.507889,-204.405365,6.897461,4057,11520,1238
44.752404,,,,,,,,,,,,,,0,143,0,89,111,38.880001,-90.000000,179.792816,-215.499329,35.706543,4977,11520,1239
44.852471,,,,,,,,,,,,,,0,145,0,105,99,46.549999,-90.000000,154.832520,-219.061981,64.229462,5959,11520,1240
44.952509,,,,,,,,,,,,,,0,141,0,110,87,51.849998,-90.000000,143.198730,-229.569946,86.371216,6638,11520,1241
45.046579,0,180,65,-63,-155,-20.709999,67.070000,-155.067917,132.690002,22.377899,2652,8586,18,,,,,,,,,,,,,
45.052550,,,,,,,,,,,,,,0,141,0,112,84,53.259998,-90.000000,144.102722,-239.349609,95.246887,6818,11520,1242
45.152620,,,,,,,,,,,,,,0,138,0,113,77,55.689999,-90.000000,129.740204,-229.584763,99.844543,7129,11520,1243
45.252684,,,,,,,,,,,,,,0,140,0,122,68,60.759998,-90.000000,110.420013,-226.130630,115.710617,7778,11520,1244
45.352749,,,,,,,,,,,,,,0,140,0,125,61,63.919998,-90.000000,102.130440,-231.886017,129.755569,8183,11520,1245
45.452772,,,,,,,,,,,,,,0,140,0,128,54,66.940002,-90.000000,86.791199,-220.067108,133.275909,8569,11520,1246
45.552829,,,,,,,,,,,,,,0,143,0,136,42,72.690002,-90.000000,62.253571,-204.271027,142.017456,9305,11520,1247
45.652869,,,,,,,,,,,,,,0,137,0,136,10,85.529999,-90.000000,15.990345,-185.690536,169.700195,10949,11520,1248
45.752907,,,,,,,,,,,,,,0,140,0,139,-4,88.089996,90.000000,-6.545788,-167.687683,174.233490,11276,11520,1249
45.852973,,,,,,,,,,,,,,0,145,0,144,-10,86.029999,90.000000,-13.967827,-167.949600,181.917419,11013,11520,1250
45.953002,,,,,,,,,,,,,,0,146,0,145,-15,83.790001,90.000000,-22.403824,-167.456696,189.860519,10726,11520,1251
46.253119,,,,,,,,,,,,,,0,143,0,132,-53,67.980003,90.000000,-77.252747,-126.933319,204.186066,8702,11520,1254
46.353200,,,,,,,,,,,,,,0,152,0,126,-84,56.160000,90.000000,-121.809998,-96.503174,218.313171,7189,11520,1255
46.453214,,,,,,,,,,,,,,0,154,0,116,-100,49.410000,90.000000,-146.738235,-75.048218,221.786469,6325,11520,1256
46.553290,,,,,,,,,,,,,,0,155,0,109,-110,44.759998,90.000000,-159.574661,-57.350220,216.924866,5730,11520,1257
46.653336,,,,,,,,,,,,,,0,155,0,99,-118,40.090000,90.000000,-170.961166,-39.220093,210.181259,5132,11520,1258
46.753377,,,,,,,,,,,,,,0,158,0,91,-128,35.480000,90.000000,-183.088654,-21.548767,204.637421,4542,11520,1259
46.853425,,,,,,,,,,,,,,0,166,0,93,-137,34.160000,90.000000,-181.124390,-15.935974,197.060364,4373,11520,1260
46.953464,,,,,,,,,,,,,,0,160,0,84,-136,31.730000,90.000000,-178.388062,-6.393005,184.781067,4062,11520,1261
47.053512,,,,,,,,,,,,,,0,158,0,77,-137,29.500000,90.000000,-172.076172,1.702782,170.373383,3776,11520,1262
47.153542,,,,,,,,,,,,,,0,168,0,72,-151,25.730000,90.000000,-164.229584,13.538498,150.691086,3294,11520,1263
47.253655,,,,,,,,,,,,,,0,168,27,48,-158,16.660000,80.099998,-169.873367,40.207878,129.665497,2133,10254,1264
47.353686,,,,,,,,,,,,,,0,174,75,13,-156,4.590000,64.309998,-161.699234,68.322403,93.376831,588,8232,1265
47.453732,,,,,,,,,,,,,,0,177,106,-14,-140,-4.840000,52.810001,-142.898590,84.654411,58.244171,620,6760,1266
47.547726,0,205,0,-180,-97,-61.570000,90.000000,-110.984207,233.115646,-122.131439,7882,11520,43,,,,,,,,,,,,,
47.553787,,,,,,,,,,,,,,0,178,87,-5,-155,-1.750000,60.709999,-156.942780,83.274658,73.668152,225,7772,1267
47.647840,0,194,171,83,38,25.360001,-12.670000,35.713520,-84.654053,48.940521,3247,1623,44,,,,,,,,,,,,,
47.753910,,,,,,,,,,,,,,0,174,99,-13,-141,-4.430000,54.849998,-146.766296,85.470627,61.295670,568,7022,1269
47.847899,0,202,0,193,59,73.000000,-90.000000,56.402733,-188.062775,131.660034,9344,11520,46,,,,,,,,,,,,,
47.853957,,,,,,,,,,,,,,0,184,112,-32,-141,-10.230000,51.459999,-138.580994,97.003540,41.577454,1310,6588,1270
47.947910,0,204,0,198,-46,76.860001,90.000000,-52.634041,-169.215454,221.849503,9839,11520,47,,,,,,,,,,,,,
47.953994,,,,,,,,,,,,,,0,187,106,-21,-152,-6.520000,55.119999,-146.732635,91.099060,55.633575,835,7056,1271
48.048025,0,188,0,186,24,82.430000,-90.000000,27.186989,-191.175720,163.988739,10552,11520,48,,,,,,,,,,,,,
48.054034,,,,,,,,,,,,,,0,181,113,-25,-138,-8.190000,50.860001,-138.209030,91.340393,46.868652,1049,6511,1272
48.148074,0,183,90,99,124,32.759998,-54.119999,122.648193,-145.702026,23.053833,4194,6928,49,,,,,,,,,,,,,
48.154128,,,,,,,,,,,,,,0,185,132,-45,-120,-14.230000,42.310001,-117.463959,97.085564,20.378418,1822,5416,1273
48.248058,0,179,0,109,141,37.880001,-90.000000,218.626648,-256.685364,38.058701,4849,11520,50,,,,,,,,,,,,,
48.254176,,,,,,,,,,,,,,0,183,131,-46,-118,-14.640000,42.080002,-116.751846,97.801758,18.950089,1875,5387,1274
48.348177,0,184,0,183,15,85.029999,-90.000000,17.062996,-178.964722,161.901733,10885,11520,51,,,,,,,,,,,,,
48.354264,,,,,,,,,,,,,,0,181,128,-84,-95,-27.670000,36.610001,-95.099075,119.976845,-24.877762,3543,4687,1275
48.448230,0,178,0,167,59,70.570000,-90.000000,80.022400,-236.681564,156.659180,9034,11520,52,,,,,,,,,,,,,
48.454310,,,,,,,,,,,,,,0,183,114,-108,-92,-36.430000,39.080002,-91.318336,138.255371,-46.937027,4664,5003,1276
48.554390,,,,,,,,,,,,,,0,181,92,-120,-98,-41.869999,46.869999,-97.829407,152.985596,-55.156204,5360,6000,1277
48.648344,0,166,0,141,87,58.200001,-90.000000,119.856445,-227.418915,107.562469,7450,11520,54,,,,,,,,,,,,,
48.654431,,,,,,,,,,,,,,0,182,82,-132,-93,-46.650002,48.720001,-92.854385,159.812714,-66.958336,5972,6237,1278
48.748389,0,162,0,150,59,68.550003,-90.000000,89.587914,-242.417923,152.830017,8775,11520,55,,,,,,,,,,,,,
48.754484,,,,,,,,,,,,,,0,181,80,-138,-83,-50.130001,45.919998,-82.880898,161.114594,-78.233704,6417,5879,1279
48.848451,0,161,0,137,83,58.900002,-90.000000,134.157379,-259.820435,125.663055,7540,11520,56,,,,,,,,,,,,,
48.854559,,,,,,,,,,,,,,0,185,88,-146,-71,-52.110001,38.810001,-69.276062,157.694046,-88.417984,6671,4968,1280
48.948615,0,156,47,-119,88,-50.060001,-61.599998,101.631042,68.730652,-170.361694,6408,7886,57,,,,,,,,,,,,,
48.954609,,,,,,,,,,,,,,0,189,90,-155,-58,-55.410000,32.910000,-55.520844,156.118805,-100.597961,7093,4213,1281
49.148710,0,163,109,-110,46,-42.900002,-23.139999,51.842346,80.231056,-132.073395,5492,2963,59,,,,,,,,,,,,,
49.154719,,,,,,,,,,,,,,0,193,39,-181,-53,-69.800003,53.700001,-50.063057,171.342804,-121.279755,8935,6874,1283
49.248675,0,153,0,-15,-152,-5.810000,90.000000,-184.506866,108.555161,75.951721,744,11520,60,,,,,,,,,,,,,
49.254787,,,,,,,,,,,,,,0,196,29,-189,-41,-74.779999,54.669998,-38.529694,169.690918,-131.161224,9573,6999,1284
49.348775,0,143,82,-69,-94,-29.080000,48.799999,-118.359894,134.991730,-16.631821,3723,6247,61,,,,,,,,,,,,,
49.354752,,,,,,,,,,,,,,0,197,0,-193,-37,-78.980003,90.000000,-35.933586,178.048004,-142.114410,10110,11520,1285
49.448865,0,146,127,-71,-9,-29.170000,4.050000,-11.149200,81.594048,-70.444847,3735,519,62,,,,,,,,,,,,,
49.454812,,,,,,,,,,,,,,0,193,0,-191,-23,-82.949997,90.000000,-22.554371,169.630280,-147.075912,10618,11520,1286
49.548799,0,157,0,-33,-153,-12.140000,90.000000,-228.119705,156.607880,71.511826,1555,11520,63,,,,,,,,,,,,,
49.554949,,,,,,,,,,,,,,0,196,24,-194,-7,-82.400002,16.709999,-6.833809,157.939117,-151.105301,10548,2140,1287
49.648940,0,146,112,-57,-73,-23.250000,33.330002,-90.901184,107.017654,-16.116470,2977,4267,64,,,,,,,,,,,,,
49.654990,,,,,,,,,,,,,,0,200,35,-196,4,-79.779999,-7.750000,4.303177,151.265625,-155.568802,10213,992,1288
49.749037,0,158,89,-35,-125,-12.800000,54.689999,-143.249634,106.188164,37.061478,1639,7001,65,,,,,,,,,,,,,
49.755070,,,,,,,,,,,,,,0,204,35,-199,18,-78.629997,-27.780001,16.527885,144.569489,-161.097382,10065,3557,1289
49.855138,,,,,,,,,,,,,,0,202,60,-187,43,-68.410004,-35.950001,38.882519,125.517937,-164.400452,8757,4602,1290
49.955182,,,,,,,,,,,,,,0,193,16,-188,36,-77.849998,-65.500000,34.426117,135.190491,-169.616608,9966,8385,1291
50.055231,,,,,,,,,,,,,,0,196,58,-179,51,-66.529999,-41.259998,47.258652,119.377106,-166.635757,8517,5282,1292
50.155262,,,,,,,,,,,,,,0,198,38,-187,51,-70.980003,-53.660000,47.227417,123.772568,-170.999985,9086,6869,1293
50.255341,,,,,,,,,,,,,,0,196,58,-177,60,-64.580002,-45.980000,55.537704,113.045021,-168.582733,8267,5886,1294
50.355385,,,,,,,,,,,,,,0,193,34,-179,61,-68.470001,-60.970001,57.721977,116.163521,-173.885498,8765,7805,1295
50.455451,,,,,,,,,,,,,,0,191,49,-173,63,-65.070000,-52.400002,60.089401,111.334373,-171.423767,8330,6708,1296
50.655528,,,,,,,,,,,,,,0,185,87,-143,77,-50.790001,-41.689999,75.678223,82.972610,-158.650818,6502,5337,1298
50.755554,,,,,,,,,,,,,,0,179,71,-144,78,-53.650002,-47.700001,78.894501,86.131332,-165.025833,6868,6106,1299
50.855616,,,,,,,,,,,,,,0,180,93,-130,82,-46.349998,-41.400002,82.169136,71.733261,-153.902405,5934,5300,1300
50.955645,,,,,,,,,,,,,,0,177,99,-114,91,-40.259998,-42.580002,92.955688,54.291458,-147.247147,5154,5451,1301
51.055730,,,,,,,,,,,,,,0,173,110,-85,102,-29.430000,-43.049999,107.039070,23.103912,-130.142975,3768,5511,1302
51.249694,0,143,0,61,-128,25.680000,90.000000,-271.194092,22.582825,248.611267,3288,11520,80,,,,,,,,,,,,,
51.255800,,,,,,,,,,,,,,0,170,109,-52,118,-18.139999,-47.389999,125.911743,-14.377899,-111.533844,2323,6067,1304
51.349824,0,138,118,-50,48,-21.480000,-22.379999,63.808411,25.222565,-89.030975,2750,2865,81,,,,,,,,,,,,,
51.355882,,,,,,,,,,,,,,0,165,101,-49,120,-17.480000,-49.849998,131.241211,-18.753174,-112.488037,2238,6382,1305
51.449818,0,140,0,-98,99,-44.790001,-90.000000,195.541916,70.415398,-265.957336,5734,11520,82,,,,,,,,,,,,,
51.455924,,,,,,,,,,,,,,0,165,96,-40,127,-14.090000,-52.750000,138.977173,-31.510162,-107.467003,1804,6752,1306
51.555974,,,,,,,,,,,,,,0,163,95,-16,130,-5.730000,-53.849998,144.633636,-56.699768,-87.933884,734,6894,1307
51.649991,0,144,96,-40,98,-16.280001,-45.700001,123.684265,-18.093750,-105.590538,2085,5850,84,,,,,,,,,,,,,
51.656010,,,,,,,,,,,,,,0,164,75,0,145,-0.000000,-62.689999,159.933701,-77.547379,-82.386322,1,8025,1308
51.750015,0,144,0,-59,131,-24.280001,-90.000000,198.071747,-21.599792,-176.471970,3109,11520,85,,,,,,,,,,,,,
51.756002,,,,,,,,,,,,,,0,162,0,27,159,9.600000,-90.000000,187.224548,-121.071335,-66.153198,1230,11520,1309
51.850049,0,152,0,-121,91,-52.860001,-90.000000,114.137207,73.523926,-187.661102,6767,11520,86,,,,,,,,,,,,,
51.856055,,,,,,,,,,,,,,0,157,0,39,151,14.750000,-90.000000,184.719131,-134.520386,-50.198753,1889,11520,1310
51.950191,0,157,128,-65,61,-24.730000,-25.480000,70.353058,30.077614,-100.430672,3166,3262,87,,,,,,,,,,,,,
51.956113,,,,,,,,,,,,,,0,154,0,43,147,16.350000,-90.000000,182.110870,-137.369370,-44.741501,2094,11520,1311
52.050236,0,154,88,-10,-125,-3.860000,54.799999,-146.776749,83.926895,62.849854,495,7015,88,,,,,,,,,,,,,
52.056172,,,,,,,,,,,,,,0,152,0,48,144,18.469999,-90.000000,187.289444,-147.875824,-39.413620,2365,11520,1312
52.150313,0,158,100,-109,53,-43.869999,-27.940001,60.824097,77.648781,-138.472870,5616,3577,89,,,,,,,,,,,,,
52.156229,,,,,,,,,,,,,,0,151,0,57,139,22.580000,-90.000000,197.186096,-169.668518,-27.517593,2891,11520,1313
52.256323,,,,,,,,,,,,,,0,144,0,70,125,29.139999,-90.000000,186.839523,-183.690918,-3.148621,3731,11520,1314
52.356357,,,,,,,,,,,,,,0,140,0,75,117,32.750000,-90.000000,180.691452,-191.009155,10.317719,4192,11520,1315
52.450471,0,165,69,-125,81,-49.439999,-49.509998,89.006065,73.952148,-162.958221,6329,6338,92,,,,,,,,,,,,,
52.456394,,,,,,,,,,,,,,0,137,0,74,114,33.169998,-90.000000,187.557175,-200.000519,12.443344,4247,11520,1316
52.556457,,,,,,,,,,,,,,0,137,0,80,110,36.209999,-90.000000,180.661743,-204.938965,24.277206,4636,11520,1317
52.656508,,,,,,,,,,,,,,0,137,0,81,109,36.700001,-90.000000,172.151169,-197.273682,25.122513,4698,11520,1318
52.756552,,,,,,,,,,,,,,0,138,0,92,102,42.250000,-90.000000,163.587051,-210.501175,46.914124,5408,11520,1319
52.856613,,,,,,,,,,,,,,0,135,0,102,87,49.509998,-90.000000,154.429398,-233.919373,79.489990,6338,11520,1320
52.956651,,,,,,,,,,,,,,0,135,0,111,75,56.000000,-90.000000,129.237152,-230.600037,101.362885,7168,11520,1321
53.056681,,,,,,,,,,,,,,0,127,0,108,66,58.590000,-90.000000,119.938965,-230.199585,110.260620,7500,11520,1322
53.156789,,,,,,,,,,,,,,0,135,0,118,65,61.119999,-90.000000,109.613579,-227.040222,117.426636,7824,11520,1323
53.256835,,,,,,,,,,,,,,0,138,0,127,53,67.250000,-90.000000,88.563179,-227.313873,138.750702,8609,11520,1324
53.356866,,,,,,,,,,,,,,0,132,0,123,47,68.849998,-90.000000,80.792908,-221.419434,140.626526,8814,11520,1325
53.456910,,,,,,,,,,,,,,0,140,0,135,34,75.760002,-90.000000,49.630135,-194.416611,144.786484,9698,11520,1326
53.556955,,,,,,,,,,,,,,0,128,0,127,10,85.120003,-90.000000,16.868431,-179.942108,163.073685,10896,11520,1327
53.656989,,,,,,,,,,,,,,0,128,0,127,-1,89.430000,90.000000,-1.920776,-170.804565,172.725342,11448,11520,1328
53.757064,,,,,,,,,,,,,,0,136,0,135,-8,86.400002,90.000000,-12.725464,-169.353485,182.078949,11060,11520,1329
53.857094,,,,,,,,,,,,,,0,137,0,136,-15,83.300003,90.000000,-23.267227,-160.162537,183.429764,10663,11520,1330
53.957151,,,,,,,,,,,,,,0,129,0,126,-26,78.180000,90.000000,-41.038147,-149.598969,190.637115,10008,11520,1331
54.057190,,,,,,,,,,,,,,0,130,0,124,-37,73.410004,90.000000,-58.392822,-140.704971,199.097794,9397,11520,1332
54.157239,,,,,,,,,,,,,,0,130,0,116,-57,63.830002,90.000000,-92.851669,-117.318069,210.169739,8171,11520,1333
54.257303,,,,,,,,,,,,,,0,132,0,111,-70,57.810001,90.000000,-115.717438,-101.418823,217.136261,7400,11520,1334
54.357375,,,,,,,,,,,,,,0,133,0,98,-89,47.980000,90.000000,-152.576538,-70.459229,223.035751,6142,11520,1335
54.457405,,,,,,,,,,,,,,0,134,0,87,-101,41.040001,90.000000,-172.660156,-43.903015,216.563187,5254,11520,1336
54.557472,,,,,,,,,,,,,,0,137,0,85,-107,38.500000,90.000000,-172.635681,-32.651489,205.287170,4929,11520,1337
54.657526,,,,,,,,,,,,,,0,145,0,84,-118,35.520000,90.000000,-178.724564,-21.171692,199.896255,4547,11520,1338
54.757545,,,,,,,,,,,,,,0,146,0,81,-121,33.980000,90.000000,-177.560913,-14.933746,192.494659,4350,11520,1339
54.857578,,,,,,,,,,,,,,0,147,0,78,-124,32.430000,90.000000,-171.676392,-8.669937,180.346344,4152,11520,1340
54.957658,,,,,,,,,,,,,,0,142,0,66,-125,27.910000,90.000000,-169.521912,6.945099,162.576813,3573,11520,1341
55.057707,,,,,,,,,,,,,,0,145,0,53,-134,21.790001,90.000000,-171.657013,26.349220,145.307800,2790,11520,1342
55.157818,,,,,,,,,,,,,,0,149,53,31,-135,12.170000,68.410004,-163.614532,48.909775,114.704773,1559,8757,1343
55.357873,,,,,,,,,,,,,,0,152,89,-4,-123,-1.840000,54.099998,-145.765549,77.931679,67.833862,236,6926,1345
55.457935,,,,,,,,,,,,,,0,158,93,-9,-127,-3.390000,53.779999,-144.995300,81.765007,63.230286,435,6885,1346
55.557971,,,,,,,,,,,,,,0,159,94,-20,-126,-7.340000,53.180000,-142.943665,91.418861,51.524780,940,6808,1347
55.651940,0,182,0,-178,37,-78.040001,-90.000000,57.469864,206.478973,-263.948853,9990,11520,0,,,,,,,,,,,,,
55.658020,,,,,,,,,,,,,,0,160,78,-10,-139,-3.790000,60.700001,-156.655060,88.676880,67.978180,486,7770,1348
55.752010,0,180,0,47,173,15.280000,-90.000000,184.207550,-135.724472,-48.483093,1957,11520,1,,,,,,,,,,,,,
55.852121,0,177,62,150,68,58.500000,-47.500000,69.332458,-167.596771,98.264313,7489,6081,2,,,,,,,,,,,,,
55.858088,,,,,,,,,,,,,,0,159,104,-20,-118,-7.230000,48.470001,-133.697815,86.515396,47.182419,926,6205,1350
55.952176,0,173,22,142,96,55.189999,-76.980003,100.069351,-178.053406,77.984070,7065,9854,3,,,,,,,,,,,,,
55.958196,,,,,,,,,,,,,,0,158,107,-21,-113,-7.900000,46.450001,-129.258377,86.095886,43.162491,1012,5946,1351
56.058241,,,,,,,,,,,,,,0,159,114,-33,-105,-12.320000,42.650002,-119.176544,92.881439,26.295090,1578,5460,1352
56.152191,0,163,0,111,119,43.000000,-90.000000,131.923615,-172.514587,40.590942,5504,11520,5,,,,,,,,,,,,,
56.158300,,,,,,,,,,,,,,0,156,115,-45,-94,-16.790001,39.099998,-108.710571,99.415047,9.295517,2150,5006,1353
56.252296,0,159,0,148,56,69.000000,-90.000000,68.909950,-190.048157,121.138214,8833,11520,6,,,,,,,,,,,,,
56.352402,0,153,46,124,76,54.340000,-58.900002,89.831413,-171.594604,81.763184,6956,7540,7,,,,,,,,,,,,,
56.358430,,,,,,,,,,,,,,0,157,108,-70,-89,-26.520000,39.580002,-102.635010,120.956268,-18.321251,3395,5067,1355
56.452421,0,151,138,-59,-13,-23.120001,5.690000,-16.463951,69.482269,-53.018311,2960,729,8,,,,,,,,,,,,,
56.458469,,,,,,,,,,,,,,0,155,100,-88,-77,-35.000000,37.680000,-90.149963,134.502090,-44.352119,4480,4824,1356
56.552488,0,147,0,-131,65,-63.439999,-90.000000,112.925812,139.308945,-252.234741,8121,11520,9,,,,,,,,,,,,,
56.558526,,,,,,,,,,,,,,0,159,85,-104,-84,-40.950001,44.889999,-95.947311,150.175690,-54.228378,5242,5747,1357
56.652548,0,144,98,-69,-79,-28.760000,38.959999,-99.233856,124.662071,-25.428223,3682,4988,10,,,,,,,,,,,,,
56.658592,,,,,,,,,,,,,,0,156,87,-106,-72,-42.930000,39.619999,-84.054474,148.222626,-64.168152,5496,5072,1358
56.752611,0,134,99,-69,-57,-31.120001,30.340000,-77.869247,119.533340,-41.664093,3984,3884,11,,,,,,,,,,,,,
56.758646,,,,,,,,,,,,,,0,158,75,-114,-78,-46.459999,45.799999,-88.897598,157.470596,-68.572998,5948,5863,1359
56.858737,,,,,,,,,,,,,,0,159,69,-124,-70,-51.480000,45.139999,-79.454773,161.714523,-82.259750,6590,5779,1360
56.952638,0,132,0,-8,-131,-3.620000,90.000000,-201.225769,111.681725,89.544067,464,11520,13,,,,,,,,,,,,,
56.958776,,,,,,,,,,,,,,0,155,78,-118,-62,-49.590000,38.349998,-72.407364,154.916855,-82.509491,6348,4910,1361
57.058836,,,,,,,,,,,,,,0,155,76,-118,-64,-50.090000,40.099998,-74.396606,156.791519,-82.394913,6412,5134,1362
57.152782,0,132,0,6,-131,2.850000,90.000000,-258.480042,118.037949,140.442108,366,11520,15,,,,,,,,,,,,,
57.158904,,,,,,,,,,,,,,0,151,74,-118,-57,-51.639999,37.770000,-68.424561,156.470688,-88.046143,6611,4835,1363
57.252860,0,125,0,124,12,84.339996,-90.000000,20.189575,-186.884125,166.694519,10796,11520,16,,,,,,,,,,,,,
57.258930,,,,,,,,,,,,,,0,149,64,-120,-58,-54.279999,42.099998,-70.441483,161.805634,-91.364151,6949,5390,1364
57.352990,0,127,89,-77,47,-37.410000,-28.059999,67.280098,61.097107,-128.377197,4789,3592,17,,,,,,,,,,,,,
57.358993,,,,,,,,,,,,,,0,147,63,-118,-59,-53.759998,43.130001,-72.748291,162.123123,-89.374817,6882,5521,1365
57.452996,0,124,0,-94,80,-49.529999,-90.000000,142.172531,73.280548,-215.453079,6341,11520,18,,,,,,,,,,,,,
57.459062,,,,,,,,,,,,,,0,146,75,-110,-57,-49.250000,37.430000,-71.426117,153.818054,-82.391937,6304,4792,1366
57.553111,0,121,45,-104,39,-59.840000,-41.020000,59.350548,105.124504,-164.475052,7660,5251,19,,,,,,,,,,,,,
57.559111,,,,,,,,,,,,,,0,145,74,-108,-60,-48.650002,39.119999,-75.024475,154.567123,-79.542648,6228,5008,1367
57.653101,0,119,0,-106,52,-63.830002,-90.000000,91.501320,115.618156,-207.119476,8171,11520,20,,,,,,,,,,,,,
57.659161,,,,,,,,,,,,,,0,140,75,-101,-59,-46.500000,38.430000,-77.024841,151.603882,-74.579056,5952,4920,1368
57.753227,0,117,89,-72,-20,-38.209999,13.140000,-32.190624,112.553543,-80.362915,4892,1683,21,,,,,,,,,,,,,
57.759254,,,,,,,,,,,,,,0,132,63,-102,-53,-51.000000,40.040001,-72.893440,157.594818,-84.701385,6528,5126,1369
57.859272,,,,,,,,,,,,,,0,127,59,-96,-56,-49.700001,43.380001,-79.956635,158.891037,-78.934402,6362,5553,1370
57.959352,,,,,,,,,,,,,,0,127,63,-96,-52,-49.380001,39.330002,-74.279846,155.490189,-81.210342,6321,5035,1371
58.053280,0,116,0,-33,-110,-17.000000,90.000000,-190.011688,145.344070,44.667618,2176,11520,24,,,,,,,,,,,,,
58.059397,,,,,,,,,,,,,,0,130,60,-98,-59,-49.000000,44.580002,-82.877563,159.121994,-76.244431,6273,5707,1372
58.159458,,,,,,,,,,,,,,0,133,64,-104,-50,-51.900002,38.380001,-68.946396,157.175323,-88.228935,6644,4913,1373
58.259516,,,,,,,,,,,,,,0,140,66,-111,-53,-52.509998,38.560001,-68.295479,157.857376,-89.561890,6722,4936,1374
58.353500,0,116,0,-109,38,-70.510002,-90.000000,70.970978,138.284775,-209.255768,9026,11520,27,,,,,,,,,,,,,
58.359572,,,,,,,,,,,,,,0,141,62,-115,-52,-54.689999,39.970001,-66.839355,160.647705,-93.808342,7001,5117,1375
58.453617,0,125,30,-120,16,-73.919998,-28.600000,23.847931,137.875946,-161.723877,9463,3662,28,,,,,,,,,,,,,
58.459615,,,,,,,,,,,,,,0,133,58,-108,-49,-54.470001,40.299999,-67.651550,160.708466,-93.056885,6973,5159,1376
58.553694,0,112,36,-105,-12,-69.820000,18.160000,-19.357185,156.007233,-136.650040,8938,2325,29,,,,,,,,,,,,,
58.559687,,,,,,,,,,,,,,0,148,71,-115,-57,-51.419998,38.840000,-70.386719,157.087326,-86.700623,6583,4972,1377
58.653674,0,114,0,-94,63,-56.040001,-90.000000,104.103058,81.909729,-186.012787,7174,11520,30,,,,,,,,,,,,,
58.659736,,,,,,,,,,,,,,0,146,63,-119,-54,-55.029999,40.799999,-67.401703,161.465149,-94.063446,7045,5223,1378
58.753763,0,116,71,-90,10,-51.169998,-8.550000,16.804070,113.061859,-129.865936,6551,1095,31,,,,,,,,,,,,,
58.759801,,,,,,,,,,,,,,0,153,42,-135,-57,-62.020000,53.400002,-67.781433,171.572784,-103.791351,7939,6836,1379
58.853853,0,117,94,66,14,34.810001,-8.690000,22.357758,-100.206543,77.848785,4456,1113,32,,,,,,,,,,,,,
58.953807,0,111,0,103,40,68.800003,-90.000000,95.663223,-261.588257,165.925018,8807,11520,33,,,,,,,,,,,,,
58.959905,,,,,,,,,,,,,,0,163,64,-141,-49,-59.910000,37.310001,-54.699203,162.244064,-107.544861,7669,4776,1381
59.053865,0,116,0,-87,-76,-48.950001,90.000000,-134.589813,201.229828,-66.640015,6266,11520,34,,,,,,,,,,,,,
59.059992,,,,,,,,,,,,,,0,139,65,-115,-40,-56.209999,31.830000,-52.793877,155.969971,-103.176086,7196,4075,1382
59.154020,0,115,46,-101,29,-61.610001,-32.230000,45.641235,114.339386,-159.980621,7887,4126,35,,,,,,,,,,,,,
59.160030,,,,,,,,,,,,,,0,143,68,-116,-47,-54.250000,34.959999,-60.260498,156.659576,-96.399086,6945,4476,1383
59.254037,0,116,21,-112,19,-75.190002,-42.410000,31.015022,135.206589,-166.221619,9625,5429,36,,,,,,,,,,,,,
59.260096,,,,,,,,,,,,,,0,145,65,-122,-43,-57.389999,33.650002,-53.749397,158.206711,-104.457314,7347,4308,1384
59.354061,0,115,0,-103,49,-64.529999,-90.000000,105.088959,138.678635,-243.767593,8261,11520,37,,,,,,,,,,,,,
59.360122,,,,,,,,,,,,,,0,145,65,-121,-43,-57.200001,33.970001,-54.492683,158.295990,-103.803299,7322,4349,1385
59.454209,0,123,80,-89,25,-46.709999,-17.730000,37.610100,94.698250,-132.308350,5980,2270,38,,,,,,,,,,,,,
59.460221,,,,,,,,,,,,,,0,147,66,-124,-41,-57.950001,31.930000,-50.512062,157.408844,-106.896790,7418,4088,1386
59.554175,0,122,0,-114,41,-70.120003,-90.000000,72.065887,136.721497,-208.787415,8976,11520,39,,,,,,,,,,,,,
59.560256,,,,,,,,,,,,,,0,146,69,-121,-40,-56.340000,30.150000,-50.115959,154.822906,-104.706955,7212,3860,1387
59.654282,0,124,0,-114,48,-67.080002,-90.000000,87.033195,134.882294,-221.915497,8587,11520,40,,,,,,,,,,,,,
59.660319,,,,,,,,,,,,,,0,144,71,-115,-47,-53.389999,33.779999,-59.681107,154.999008,-95.317902,6835,4325,1388
59.754390,0,122,64,-102,18,-56.919998,-15.880000,26.890778,117.199265,-144.090042,7287,2033,41,,,,,,,,,,,,,
59.760378,,,,,,,,,,,,,,0,146,73,-118,-44,-53.970001,31.260000,-54.948914,153.569427,-98.620529,6909,4002,1389
59.854345,0,119,0,-111,40,-69.949997,-90.000000,77.193085,144.749130,-221.942215,8954,11520,42,,,,,,,,,,,,,
59.860434,,,,,,,,,,,,,,0,142,71,-114,-43,-53.840000,30.879999,-54.519104,153.138794,-98.619690,6892,3953,1390
59.954526,0,123,42,-114,18,-67.959999,-23.150000,26.557159,131.229950,-157.787109,8700,2964,43,,,,,,,,,,,,,
59.960498,,,,,,,,,,,,,,0,143,69,-115,-47,-54.110001,34.520000,-59.803795,156.213745,-96.409958,6927,4419,1391
60.054555,0,127,25,-122,22,-74.620003,-41.669998,31.727531,134.446381,-166.173920,9552,5335,44,,,,,,,,,,,,,
60.060565,,,,,,,,,,,,,,0,143,70,-116,-44,-54.290001,31.840000,-55.439232,154.312042,-98.872803,6950,4076,1392
60.154627,0,119,53,-94,49,-52.500000,-42.889999,74.579712,86.397156,-160.976868,6720,5491,45,,,,,,,,,,,,,
60.160626,,,,,,,,,,,,,,0,140,62,-116,-45,-56.480000,36.500000,-59.123230,159.543457,-100.420235,7230,4673,1393
60.254607,0,116,0,-106,45,-66.889999,-90.000000,84.400757,129.223221,-213.623962,8563,11520,46,,,,,,,,,,,,,
60.260696,,,,,,,,,,,,,,0,143,66,-118,-45,-55.880001,34.549999,-57.264847,157.703018,-100.438171,7153,4423,1394
60.354712,0,116,45,-106,8,-66.410004,-10.620000,13.286299,136.235535,-149.521835,8501,1360,47,,,,,,,,,,,,,
60.360726,,,,,,,,,,,,,,0,140,67,-114,-44,-54.759998,33.830002,-57.820312,156.255463,-98.435150,7010,4331,1395
60.454754,0,116,0,-108,39,-69.940002,-90.000000,88.337814,165.497986,-253.835785,8953,11520,48,,,,,,,,,,,,,
60.460789,,,,,,,,,,,,,,0,143,64,-118,-47,-56.150002,36.220001,-59.246246,159.106506,-99.860260,7188,4637,1396
60.554790,0,116,0,-95,65,-55.610001,-90.000000,140.728943,107.801399,-248.530350,7119,11520,49,,,,,,,,,,,,,
60.560875,,,,,,,,,,,,,,0,142,65,-117,-45,-55.950001,34.820000,-57.545776,157.949799,-100.404015,7162,4458,1397
60.654824,0,125,0,-123,16,-82.519997,-90.000000,25.091644,153.186859,-178.278503,10563,11520,50,,,,,,,,,,,,,
60.660932,,,,,,,,,,,,,,0,144,72,-115,-45,-53.330002,32.070000,-57.079468,153.598328,-96.518875,6827,4106,1398
60.754896,0,118,34,-11,-112,-5.760000,72.940002,-171.222137,101.285995,69.936157,738,9337,51,,,,,,,,,,,,,
60.760950,,,,,,,,,,,,,,0,151,68,-125,-48,-56.419998,35.259998,-57.475487,158.631805,-101.156326,7223,4514,1399
60.854944,0,121,0,-115,35,-72.900002,-90.000000,56.776062,131.583710,-188.359772,9332,11520,52,,,,,,,,,,,,,
60.861025,,,,,,,,,,,,,,0,150,74,-121,-46,-54.060001,31.600000,-55.365967,153.916382,-98.550415,6920,4046,1400
